car_id,model_id,fuel_id,transmission_id,location_id,owner_id,Price,Year,Kilometer,Engine,Seating Capacity
1,1,1,1,1,1,505000,2017,87150,1198 cc,5
2,2,2,1,2,2,450000,2014,75000,1248 cc,5
3,3,1,1,3,1,220000,2011,67000,1197 cc,5
4,4,1,1,4,1,799000,2019,37500,1197 cc,5
5,5,2,1,5,1,1950000,2018,69000,2393 cc,7
6,6,1,1,1,1,675000,2017,73315,1373 cc,5
7,7,1,2,5,2,1898999,2015,47000,1991 cc,5
8,8,2,2,6,2,2650000,2017,75000,1995 cc,5
9,9,1,2,5,1,1390000,2017,56000,1798 cc,5
10,10,2,1,5,1,575000,2015,85000,1461 cc,5
11,11,1,1,5,1,591000,2017,20281,1197 cc,5
12,12,1,1,7,1,459999,2018,22541,999 cc,5
13,13,1,2,7,1,1075000,2019,30672,1462 cc,5
14,14,2,1,7,1,1695000,2019,20856,1956 cc,5
15,15,1,2,7,1,944999,2017,41417,1197 cc,5
16,16,1,2,7,1,569000,2016,11471,998 cc,5
17,17,1,1,7,1,449000,2019,3583,796 cc,5
18,18,1,2,7,1,894999,2018,21365,1197 cc,5
19,19,1,2,7,1,699000,2020,30777,1197 cc,5
20,20,1,1,8,1,740000,2016,60125,1591 cc,5
21,21,1,2,5,1,470000,2020,2169,998 cc,5
22,22,1,2,7,1,765000,2015,60240,1197 cc,5
23,23,1,2,7,1,589000,2018,13772,1086 cc,5
24,24,1,1,7,1,999000,2019,27464,998 cc,5
25,25,3,1,8,1,370000,2019,47377,998 cc,4
26,26,1,1,5,1,325000,2013,23086,1197 cc,5
27,27,1,1,5,1,1175000,2019,36313,1591 cc,5
28,28,1,1,5,1,351000,2014,39276,1198 cc,5
29,29,1,1,5,1,551000,2015,47752,1197 cc,5
30,30,1,1,8,1,819999,2018,27963,1199 cc,5
31,31,1,1,5,1,990000,2020,24013,998 cc,5
32,32,2,2,9,1,925000,2016,66000,1582 cc,5
33,33,1,1,5,1,535000,2015,28000,999 cc,5
34,34,1,2,5,1,860000,2013,67000,1197cc,5
35,35,3,1,10,2,145000,2009,72000,1086 cc,5
36,36,1,1,5,1,409000,2018,27069,1199 cc,5
37,37,2,1,11,1,490000,2018,43000,1047 cc,5
38,38,2,1,5,1,1900000,2019,71000,2393 cc,8
39,39,2,2,5,2,3850000,2017,45600,2143 cc,5
40,40,2,1,11,1,1125000,2018,60000,1582 cc,5
41,41,2,2,12,1,2300000,2014,105101,2143 cc,5
42,42,1,2,5,1,1095000,2016,45000,1798 cc,5
43,43,2,2,13,1,1575000,2013,66000,1968 cc,5
44,44,1,2,5,1,2400000,2010,34105,1796 cc,2
45,29,1,1,11,1,525000,2015,68397,1197 cc,5
46,45,2,1,14,2,625000,2015,65000,2498 cc,6
47,46,1,1,8,1,605000,2019,27469,1197 cc,5
48,47,1,2,8,1,412000,2016,41058,998 cc,5
49,48,2,1,5,1,625000,2016,51330,1248 cc,5
50,49,1,1,5,1,511000,2015,45969,1373 cc,5
51,50,2,2,5,1,1150000,2017,66602,1582 cc,5
52,51,1,1,5,1,885000,2016,57983,1591 cc,5
53,52,1,2,5,1,470000,2019,11183,999 cc,5
54,53,2,1,5,1,1611000,2019,46301,1956 cc,5
55,54,1,2,5,2,475000,2017,34867,1199 cc,5
56,55,2,1,8,1,865000,2015,43634,2494 cc,7
57,56,2,2,5,1,3800000,2018,9512,1995 cc,5
58,57,2,2,5,1,2475000,2020,11293,1956 cc,5
59,58,2,1,15,2,400000,2014,78000,2179 cc,8
60,59,1,1,12,1,440000,2016,50374,1198 cc,5
61,60,1,2,8,1,2800000,2017,15900,1998 cc,5
62,61,1,1,5,1,645000,2017,64000,1497 cc,5
63,62,2,1,16,1,365000,2013,78000,1199 cc,5
64,63,1,1,5,1,1044999,2021,24000,1462 cc,5
65,64,1,1,1,2,515000,2019,40310,1196 cc,7
66,65,1,2,5,1,455000,2015,69700,1197 cc,5
67,66,2,2,13,1,1800000,2012,74073,1995 cc,5
68,67,2,2,5,1,3499000,2019,73000,2755 cc,7
69,68,1,1,17,3,190000,2006,130000,1799 cc,5
70,69,2,2,5,1,1250000,2012,50000,1198cc,5
71,70,1,2,18,1,775000,2021,24000,1197 cc,5
72,71,2,1,18,1,825000,2021,43000,1493 cc,5
73,72,2,2,19,1,2250000,2016,40500,1968 cc,5
74,73,1,2,5,1,865000,2017,49013,1497 cc,5
75,74,2,1,5,1,299000,2013,64983,1399 cc,5
76,75,1,1,5,1,570000,2017,92270,1199 cc,5
77,76,1,1,5,1,385000,2013,65000,1198 cc,5
78,77,2,1,20,1,350000,2014,110000,1498 cc,5
79,78,1,2,8,1,2345000,2017,47000,2494 cc,5
80,79,1,2,21,1,1650000,2022,10000,1997 cc,4
81,80,2,2,13,2,1100000,2011,51500,2143 cc,5
82,81,2,2,1,1,2900000,2018,35000,1968 cc,5
83,82,1,1,22,1,545000,2017,61518,1197 cc,5
84,83,2,2,8,1,2990000,2018,34000,1995 cc,5
85,84,1,1,5,1,615000,2017,36058,1197 cc,5
86,32,2,2,23,1,890000,2016,88000,1582 cc,5
87,85,1,1,5,1,430000,2015,98112,1598 cc,5
88,86,2,2,7,1,1650000,2013,58000,2143 cc,5
89,87,1,2,5,1,1599000,2015,92355,2494 cc,5
90,88,1,1,23,1,691000,2019,16652,1197 cc,5
91,89,2,1,5,1,650000,2016,76584,1461 cc,5
92,90,3,1,5,1,415000,2015,42500,998 cc,5
93,91,2,1,24,1,669000,2016,70000,1248 cc,5
94,92,2,2,25,2,2950000,2015,84700,2993 cc,5
95,93,2,2,13,2,3900000,2018,83400,2914cc,5
96,94,1,2,5,1,16200000,2022,2766,2995 cc,4
97,95,1,2,26,2,5100000,2017,56000,1991 cc,4
98,96,1,1,5,1,525000,2015,68766,1197 cc,5
99,97,1,1,27,1,750000,2018,16339,1591 cc,5
100,98,1,1,5,1,445000,2016,63882,1198 cc,5
101,99,1,1,28,1,493000,2012,28732,1798 cc,5
102,100,1,1,29,1,611000,2017,51349,1197 cc,5
103,65,1,2,30,1,475000,2014,61866,1197 cc,5
104,51,1,1,5,1,925000,2017,29401,1591 cc,5
105,101,2,2,19,1,1325000,2012,98580,1968 cc,5
106,83,2,2,8,1,3900000,2021,8000,1995 cc,5
107,102,2,1,7,1,1299000,2020,31348,1497 cc,5
108,103,2,1,27,1,580000,2018,28851,1248 cc,5
109,59,1,1,27,1,229000,2013,38175,1450cc,4
110,104,1,1,5,1,1575000,2021,8519,1997 cc,4
111,105,1,1,1,1,375000,2011,78000,1497 cc,5
112,106,2,2,5,1,2250000,2015,48000,2143 cc,5
113,107,2,2,31,2,1400000,2014,143000,2982 cc,7
114,108,2,1,32,1,425000,2017,39000,1248 cc,5
115,109,1,2,5,2,425000,2014,24000,1598 cc,5
116,110,1,1,10,2,250000,2015,62000,796 cc,5
117,111,2,1,21,2,425000,2012,78000,1248 cc,7
118,112,4,1,3,4,120000,2009,48500,1086 cc,5
119,113,2,1,2,2,235000,2014,82000,1399 cc,5
120,72,2,2,7,1,3050000,2020,40910,1968 cc,5
121,114,2,1,7,1,2145000,2020,10290,1956 cc,5
122,115,1,2,7,1,1245000,2021,10530,998 cc,5
123,29,1,1,15,1,549000,2015,61900,1197 cc,5
124,62,2,1,7,2,484999,2013,78000,1199 cc,5
125,116,1,1,8,1,415000,2014,57402,1197 cc,5
126,35,3,1,10,1,200000,2013,57000,1086 cc,5
127,117,1,1,15,1,375000,2015,87500,1197 cc,5
128,118,5,2,5,1,1375000,2021,16000,998cc,5
129,119,1,2,8,1,1875000,2022,18000,1353 cc,5
130,120,1,2,23,1,2950000,2020,10700,1984 cc,5
131,121,2,2,33,1,4900000,2018,78000,2967 cc,7
132,115,1,2,1,1,1050000,2020,16282,998 cc,5
133,122,2,1,34,3,470000,2013,66000,1582 cc,5
134,123,1,1,32,2,345000,2017,72019,998 cc,5
135,124,2,2,13,1,1490000,2013,195000,1995 cc,5
136,125,2,1,32,2,550000,2007,92170,2609 cc,7
137,126,1,1,5,1,484999,2018,55221,1197 cc,5
138,67,2,2,22,1,3350000,2018,25000,2755 cc,7
139,127,1,1,8,2,210000,2011,58888,1236cc,5
140,128,1,2,8,5,5651000,2022,1,1984 cc,5
141,129,1,1,35,1,890000,2020,23500,1498 cc,5
142,116,1,1,10,2,325000,2012,68000,1197 cc,5
143,130,1,2,5,1,1390000,2019,29096,1591 cc,5
144,126,1,1,10,1,459999,2016,61223,1197 cc,5
145,131,2,1,2,1,1075000,2017,86000,1956 cc,5
146,132,2,1,2,1,484999,2013,87000,1582 cc,5
147,133,1,1,10,1,385000,2013,79287,1197 cc,5
148,93,2,2,1,2,4400000,2018,47009,1234cc,5
149,134,2,2,19,1,3900000,2018,48945,1968 cc,5
150,135,2,1,3,1,1050000,2019,17000,1497 cc,8
151,136,2,1,3,1,1575000,2019,55000,1493 cc,5
152,137,1,1,5,1,655000,2016,38779,1197 cc,5
153,138,2,2,1,1,4500000,2019,72000,1950 cc,5
154,139,2,1,25,1,865000,2016,67000,1248 cc,7
155,140,1,1,25,1,699000,2017,67000,1591 cc,5
156,122,2,1,21,2,425000,2012,70000,1582 cc,5
157,141,2,2,13,1,6500000,2020,6000,1999 cc,7
158,67,2,2,8,1,2900000,2017,46000,2755 cc,7
159,142,2,2,25,1,4550000,2017,34000,2143 cc,5
160,143,1,1,36,1,490000,2015,23103,1197 cc,5
161,144,1,2,8,1,11500000,2016,27000,4663 cc,4
162,130,1,2,7,1,1475000,2019,9576,1591 cc,5
163,145,1,2,37,1,1729000,2020,27000,1451 cc,5
164,146,1,2,7,1,1764999,2021,1942,1498 cc,5
165,34,1,2,1,3,250000,2006,119300,2354 cc,5
166,110,1,1,31,1,245000,2016,55000,796 cc,5
167,147,2,1,38,2,490000,2015,98000,1461 cc,5
168,148,1,1,39,1,550000,2017,61400,1197 cc,5
169,149,1,1,1,1,675000,2016,87693,1497 cc,5
170,150,1,2,5,1,2225000,2015,31000,1991 cc,5
171,151,2,1,23,1,560000,2016,75210,1396 cc,5
172,152,1,1,5,1,225000,2012,69000,1598 cc,5
173,153,2,2,1,2,499000,2014,88000,1498 cc,5
174,154,1,2,27,1,1055000,2020,15000,998 cc,5
175,155,2,2,7,1,2048999,2020,45350,2179 cc,7
176,156,2,2,16,1,2775000,2018,68189,1995 cc,5
177,157,2,2,31,1,1650000,2015,75000,2143 cc,5
178,158,1,1,1,1,350000,2013,45000,998 cc,5
179,159,2,2,31,2,1450000,2014,33000,1968 cc,5
180,160,2,1,40,2,600000,2014,83000,2179 cc,8
181,124,2,2,24,1,1250000,2012,78000,1995 cc,5
182,161,2,1,16,1,1675000,2014,211000,2982 cc,7
183,96,1,1,13,1,575000,2015,67000,1197 cc,5
184,162,2,1,5,1,699000,2017,75000,1498 cc,5
185,163,2,2,41,2,2450000,2014,48600,2967 cc,6
186,164,2,2,8,1,2775000,2016,48000,2143 cc,5
187,165,1,1,13,1,430000,2020,5790,998 cc,5
188,166,2,1,11,1,1165000,2018,32000,2179 cc,7
189,167,2,1,3,1,1780000,2020,65433,1956 cc,5
190,168,2,1,13,1,295000,2011,87230,1248 cc,5
191,169,2,1,42,2,495000,2017,38258,1248 cc,5
192,170,1,1,3,1,975000,2019,56881,1497 cc,5
193,171,2,1,10,2,645000,2013,76000,2494 cc,7
194,172,2,1,2,2,425000,2014,72000,1461 cc,5
195,173,2,2,13,5,1350000,2012,72000,1968 cc,5
196,174,2,2,1,1,3200000,2014,60514,2987 cc,5
197,175,2,2,25,1,1250000,2013,71141,1984 cc,5
198,176,2,2,35,1,5600000,2018,40937,2993 cc,5
199,2,2,1,43,1,560000,2013,37000,1248 cc,5
200,166,2,1,11,1,1221000,2019,46000,2179 cc,7
201,177,2,2,24,1,2975000,2015,86999,2993 cc,5
202,178,1,2,5,2,295000,2009,70200,1497 cc,5
203,179,1,2,8,1,1300000,2012,64800,1796 cc,5
204,32,2,2,44,1,950000,2016,73000,1582 cc,5
205,180,2,2,12,2,1350000,2012,72000,2987 cc,5
206,181,2,2,15,1,2682000,2015,76345,2997 cc,5
207,110,1,1,38,1,286000,2017,40564,796 cc,5
208,182,2,1,33,1,340000,2013,98500,1336 cc,5
209,183,1,2,7,1,1125000,2020,46807,999 cc,5
210,184,1,2,45,1,580000,2018,81000,1198 cc,5
211,116,1,1,1,1,495000,2015,13716,1197 cc,5
212,185,2,1,35,1,550000,2014,89000,1248 cc,5
213,186,2,2,5,1,1485000,2021,13000,1493 cc,5
214,187,1,1,7,1,885000,2018,38000,1598 cc,5
215,188,1,2,5,2,3650000,2012,25500,4163 cc,5
216,189,1,2,7,1,715000,2020,17000,1197 cc,5
217,190,1,2,7,1,2485000,2012,44724,3496 cc,7
218,191,2,1,16,2,2250000,2020,24549,2393 cc,7
219,50,2,2,28,1,1050000,2017,97000,1582 cc,5
220,67,2,2,5,1,3600000,2018,7800,2755 cc,7
221,105,1,1,28,1,295000,2010,78000,1497 cc,5
222,192,1,1,42,1,375000,2019,55000,799 cc,5
223,193,1,2,7,5,7200000,2021,20000,1984 cc,5
224,194,2,2,7,1,2395000,2021,13594,1956 cc,6
225,101,2,2,23,1,1775000,2014,75000,1968 cc,5
226,195,2,1,5,1,275000,2011,65000,1248 cc,5
227,196,1,1,46,1,325000,2014,43037,1198 cc,5
228,169,2,1,8,1,425000,2013,26000,1248 cc,5
229,197,2,1,14,1,1475000,2020,78000,2179 cc,7
230,198,2,2,8,1,1580000,2018,115000,2755 cc,7
231,199,1,2,4,1,869000,2021,8700,1199 cc,5
232,142,2,2,5,1,5850000,2019,31000,2143 cc,5
233,200,2,2,23,1,1900000,2020,41736,1956 cc,5
234,201,2,2,35,2,9000000,2017,40000,2979 cc,5
235,67,2,2,8,1,3550000,2020,55000,2755 cc,7
236,202,1,2,5,1,3500000,2014,160000,4806 cc,5
237,203,2,2,18,1,2425000,2022,11000,2393 cc,7
238,204,2,2,5,1,5811000,2018,24690,2993 cc,7
239,205,2,1,18,2,750000,2011,117000,2982 cc,7
240,206,2,2,3,1,2200000,2014,95000,2967 cc,7
241,207,3,1,10,1,520000,2019,76000,998 cc,5
242,208,1,1,3,1,390000,2018,18000,998 cc,5
243,209,1,1,5,1,540000,2015,38000,1373 cc,5
244,210,2,2,5,1,699000,2018,43000,1248 cc,5
245,122,2,1,33,1,484999,2013,107000,1582 cc,5
246,211,1,2,8,1,7500000,2021,13000,2996 cc,4
247,212,2,2,24,2,850000,2011,85000,2143 cc,5
248,213,1,2,7,1,1085000,2018,8922,1198 cc,5
249,214,1,1,47,1,319000,2013,47800,796 cc,5
250,215,2,1,24,1,549000,2012,143000,2179 cc,7
251,14,2,1,13,1,1725000,2019,68758,1956 cc,5
252,216,2,1,18,2,475000,2015,72000,1498 cc,7
253,217,1,1,5,1,890000,2022,7500,1199 cc,5
254,158,1,1,5,2,235000,2012,37000,998 cc,5
255,218,1,1,5,1,445000,2016,22402,1197 cc,5
256,149,1,1,1,1,1060000,2019,12382,1497 cc,5
257,219,2,1,48,1,690000,2017,61000,1248 cc,5
258,220,2,2,35,1,4200000,2018,90868,1999 cc,5
259,92,2,2,1,2,2950000,2015,84700,2993 cc,5
260,221,1,2,24,1,12500000,2022,22010,1997 cc,5
261,222,2,2,16,2,1750000,2015,72000,2982 cc,7
262,223,1,1,9,1,395000,2018,75500,999 cc,5
263,224,2,2,35,1,2790000,2018,25000,1995 cc,5
264,81,2,2,8,1,2475000,2018,38000,1968 cc,5
265,225,1,1,32,1,145000,2009,39586,1061 cc,5
266,226,1,2,5,1,750000,2018,33647,1197 cc,5
267,227,2,2,5,2,800000,2012,75576,1197cc,5
268,228,2,1,3,1,950000,2016,86000,2179 cc,7
269,126,1,1,7,1,569000,2018,57847,1197 cc,5
270,116,1,1,32,1,470000,2016,74000,1197 cc,5
271,229,2,2,33,1,5350000,2015,58000,2967 cc,5
272,230,2,1,13,2,450000,2014,85000,1461 cc,5
273,12,1,1,5,1,299000,2016,26000,999 cc,5
274,119,1,2,5,1,1875000,2020,18000,1353 cc,5
275,231,2,2,5,1,1825000,2022,11000,2184 cc,4
276,232,2,2,49,1,4459000,2018,57300,2179 cc,7
277,233,2,2,5,2,1195000,2010,74000,2497 cc,5
278,234,1,2,8,1,790000,2019,25000,1197 cc,5
279,235,1,2,13,2,1095000,2017,39000,1591 cc,5
280,191,2,1,2,1,1950000,2020,45000,2393 cc,7
281,15,1,2,31,2,525000,2015,80852,1198 cc,5
282,236,2,2,13,1,2100000,2018,75592,2999 cc,7
283,237,1,1,38,1,270000,2014,54420,998 cc,5
284,238,1,2,5,1,894999,2015,39780,1798 cc,5
285,239,1,2,1,2,335000,2013,78301,1197 cc,5
286,240,2,1,5,1,1000000,2018,38000,2179 cc,7
287,241,1,1,13,1,220000,2009,126535,1197 cc,5
288,235,1,2,30,1,960000,2016,37079,1591 cc,5
289,242,2,2,7,1,7200000,2018,87200,2987 cc,7
290,243,2,2,9,2,1300000,2014,51000,1968 cc,5
291,244,1,1,8,1,375000,2013,39000,1198 cc,5
292,127,1,1,1,2,300000,2011,90000,1997cc,5
293,245,2,2,7,1,3299000,2017,29999,1999 cc,5
294,246,2,1,32,1,565000,2014,100472,1948 cc,7
295,247,2,2,50,1,1798999,2016,84700,1968 cc,5
296,248,1,1,35,1,189000,2008,19759,796 cc,5
297,249,2,2,5,1,1875000,2014,66000,1997cc,5
298,250,1,1,22,1,545000,2014,56000,1591 cc,5
299,31,1,1,5,1,1085000,2022,3383,998 cc,5
300,251,2,1,3,1,725000,2018,42000,1248 cc,5
301,66,2,2,8,2,1090000,2012,65000,1995 cc,5
302,30,1,1,23,1,900000,2019,17000,1199 cc,5
303,252,2,2,6,2,3400000,2016,38000,1995 cc,5
304,253,2,1,42,1,295000,2014,62500,1498 cc,5
305,254,2,2,5,1,2251000,2021,30229,1956 cc,5
306,255,1,2,1,1,9300000,2019,9000,3436 cc,4
307,256,3,1,1,1,430000,2016,26600,998 cc,5
308,257,2,1,14,2,600000,2017,86000,1248 cc,5
309,258,1,2,7,1,1595000,2017,86000,1999 cc,5
310,259,2,1,38,1,290000,2014,125000,1997cc,5
311,260,1,1,51,1,375000,2013,29135,1197 cc,5
312,261,2,2,27,1,1200000,2015,50965,1984 cc,5
313,107,2,2,8,1,1525000,2014,72000,2982 cc,7
314,150,1,2,15,1,2675000,2016,28000,1991 cc,5
315,262,1,2,8,1,545000,2015,42000,1199 cc,5
316,263,2,2,12,1,7900000,2017,11850,2925 cc,5
317,264,1,1,15,1,195000,2010,32000,1198 cc,5
318,265,2,2,8,1,4550000,2021,24000,1995 cc,5
319,266,2,2,27,2,2499000,2015,50623,2179 cc,5
320,267,2,1,10,4,210000,2012,85000,2489 cc,7
321,268,2,1,5,1,1097000,2022,1700,1493 cc,5
322,15,1,2,7,1,1095000,2020,43260,1197 cc,5
323,90,3,1,8,2,325000,2015,67738,998 cc,5
324,269,2,1,3,1,1375000,2019,69000,2179 cc,7
325,69,2,2,3,1,975000,2012,93417,1997cc,5
326,270,1,1,7,1,745000,2021,14722,1197 cc,5
327,5,2,1,52,1,2175000,2017,29000,2393 cc,7
328,271,1,2,30,1,1250000,2017,60200,1368 cc,5
329,272,2,1,20,1,500000,2017,140000,1248 cc,5
330,273,1,1,23,1,625000,2017,23798,1199 cc,5
331,105,1,1,27,1,250000,2011,55000,1497 cc,5
332,274,1,2,53,1,650000,2017,51000,1197 cc,5
333,59,1,1,8,2,310000,2014,49000,1198 cc,5
334,275,1,1,5,1,600000,2017,48000,1498 cc,5
335,124,2,2,10,1,1400000,2013,121000,1995 cc,5
336,276,2,1,13,1,295000,2013,74000,1498 cc,5
337,215,2,1,5,2,484999,2012,102000,2179 cc,7
338,277,1,2,5,1,4250000,2018,32000,1998 cc,5
339,118,5,2,7,1,1550000,2020,48400,1498cc,5
340,278,2,1,54,1,375000,2013,97000,2179 cc,7
341,279,1,2,27,1,1625000,2021,16000,1353 cc,5
342,280,2,2,25,1,5350000,2016,55700,2967 cc,5
343,281,2,2,30,1,4250000,2017,80000,2993 cc,5
344,282,2,1,1,1,480000,2014,115000,1498 cc,5
345,283,1,1,23,1,590000,2020,74000,1197 cc,5
346,284,2,1,23,1,561000,2015,61000,1396 cc,5
347,99,1,1,5,1,725000,2014,104814,1798 cc,5
348,285,1,1,1,1,645000,2013,17000,1797 cc,5
349,247,2,2,8,2,1695000,2015,60000,1968 cc,5
350,286,1,1,8,1,450000,2016,45000,1197 cc,5
351,228,2,1,7,1,1375000,2016,75811,2179 cc,7
352,287,1,1,35,1,1700000,2021,3813,1997 cc,4
353,288,1,1,5,1,525000,2016,64928,1197 cc,5
354,289,2,1,42,1,590000,2018,68500,1248 cc,5
355,107,2,2,8,1,1495000,2014,85000,2982 cc,7
356,290,2,2,5,1,3300000,2017,41296,1995 cc,5
357,77,2,1,55,1,385000,2013,72567,1498 cc,5
358,291,1,1,55,1,535000,2020,4295,998 cc,5
359,292,2,1,23,1,875000,2018,82000,1248 cc,5
360,293,1,1,5,1,295000,2010,33000,1298 cc,5
361,294,1,1,41,1,235000,2011,54000,1368 cc,5
362,40,2,1,10,1,969999,2018,68000,1582 cc,5
363,295,1,2,1,5,1700000,2022,8530,1498 cc,5
364,296,1,2,8,1,1789999,2018,46000,1999 cc,5
365,297,1,1,8,1,1964999,2020,26000,2694 cc,7
366,298,1,2,16,2,4000000,2014,39394,1984 cc,2
367,299,1,2,11,1,484999,2018,35000,1199 cc,5
368,288,1,1,32,1,580000,2019,17881,1197 cc,5
369,300,1,1,32,2,450000,2014,48409,1497 cc,5
370,301,1,1,17,1,355000,2020,40000,796 cc,5
371,247,2,2,44,1,2375000,2017,61643,1968 cc,5
372,95,1,2,15,2,6500000,2020,21000,1991 cc,4
373,302,1,1,27,1,1050000,2022,1500,1199 cc,5
374,303,2,1,22,1,445000,2014,38985,1498 cc,5
375,304,1,1,22,1,495000,2015,52000,1199 cc,5
376,305,1,1,1,1,275000,2011,42000,1197 cc,5
377,306,1,2,5,1,465000,2014,29442,1198 cc,5
378,131,2,1,3,1,1050000,2017,71800,1956 cc,5
379,307,1,2,8,1,4900000,2022,5000,1497 cc,5
380,308,3,1,26,1,695000,2020,18000,1197 cc,5
381,67,2,2,8,1,3210000,2018,37000,2755 cc,7
382,105,1,1,24,2,269000,2009,85000,1497 cc,5
383,309,2,1,42,2,445000,2018,65555,1186 cc,5
384,310,2,2,8,1,5950000,2021,35000,1999 cc,5
385,56,2,2,9,1,3800000,2018,87000,1995 cc,5
386,235,1,2,27,1,1000000,2018,42000,1591 cc,5
387,269,2,1,2,2,1490000,2018,68000,2179 cc,7
388,311,1,1,27,1,1550000,2022,600,1498 cc,5
389,312,2,1,32,3,199000,2011,192326,2179 cc,7
390,313,1,1,42,5,575000,2013,82000,1998 cc,8
391,314,2,1,15,1,484999,2017,86006,1364 cc,5
392,315,2,1,10,1,425000,2014,75000,1498 cc,5
393,316,2,1,2,1,1150000,2014,99000,2179 cc,8
394,317,1,2,5,1,3195000,2021,21651,1798 cc,5
395,318,2,1,39,1,725000,2016,84000,1396 cc,5
396,181,2,2,33,2,2450000,2014,65000,2997 cc,5
397,319,1,2,5,1,741000,2017,31000,1373 cc,5
398,320,2,2,48,1,7350000,2022,17000,1950 cc,5
399,321,2,1,8,1,1550000,2020,28000,2184 cc,6
400,322,2,1,9,1,645000,2015,64000,1498 cc,5
401,315,2,1,16,1,550000,2014,85000,1498 cc,5
402,323,1,2,5,3,595000,2017,35000,1197 cc,5
403,175,2,2,5,1,1595000,2015,44000,1984 cc,5
404,324,1,2,35,2,500000,2017,32000,998 cc,5
405,325,1,1,31,1,345000,2016,49857,998 cc,5
406,291,1,1,42,1,299000,2013,46000,998 cc,5
407,225,1,1,42,2,160000,2008,50000,1061 cc,5
408,326,1,2,28,1,570000,2017,36000,1197 cc,5
409,327,1,2,44,1,800000,2021,13000,999 cc,5
410,328,1,1,10,1,440000,2018,40000,998cc,5
411,329,1,2,2,3,509999,2007,39000,1197cc,5
412,330,1,1,35,1,315000,2013,45000,998 cc,5
413,248,1,1,43,2,227000,2011,87513,796 cc,5
414,331,1,2,8,1,1850000,2011,26000,3498 cc,5
415,332,3,1,8,1,610000,2022,3800,998 cc,4
416,333,2,1,11,1,1995000,2018,35123,2393 cc,8
417,334,2,2,8,1,1875000,2021,21000,1493 cc,5
418,335,1,2,27,1,1748999,2022,2670,1497 cc,5
419,336,2,1,6,1,640000,2016,124000,1598 cc,5
420,337,1,1,7,1,779000,2016,9889,1197 cc,5
421,295,1,2,8,1,1450000,2021,13000,1497 cc,5
422,213,1,2,35,1,890000,2018,35000,1198 cc,5
423,84,1,1,29,1,625000,2017,51145,1197 cc,5
424,242,2,2,5,1,8500000,2019,13000,2987 cc,7
425,188,1,2,1,3,2900000,2011,56000,4163 cc,5
426,338,2,1,32,1,434999,2010,120000,1598cc,5
427,39,2,2,5,1,4550000,2018,45000,2143 cc,5
428,339,2,2,6,1,2500000,2017,82900,1968 cc,5
429,340,6,1,25,2,249000,2014,56843,796 cc,5
430,341,1,1,1,1,270000,2015,64000,1196 cc,5
431,342,1,2,1,1,825000,2019,9644,1197 cc,5
432,343,1,2,1,2,425000,2017,41624,998 cc,5
433,344,2,1,13,1,459999,2016,82844,1186 cc,5
434,345,1,2,2,2,980000,2011,78000,2497 cc,5
435,275,1,1,7,1,789000,2017,60444,1498 cc,5
436,346,1,2,9,1,5100000,2022,6000,1998 cc,5
437,316,2,1,3,1,775000,2014,125000,2179 cc,8
438,235,1,2,5,1,1400000,2019,13000,1591 cc,5
439,111,2,1,35,1,770000,2015,112000,1248 cc,7
440,195,2,1,4,1,445000,2012,54948,1248 cc,5
441,218,1,1,1,1,450000,2016,53300,1197 cc,5
442,347,1,1,8,1,840000,2019,34000,1497 cc,5
443,348,1,2,15,1,18500000,2021,21000,3982 cc,4
444,266,2,2,1,2,4000000,2017,25500,1999 cc,5
445,349,2,1,16,2,690000,2015,157662,1997 cc,7
446,350,2,2,5,1,2800000,2018,20000,2143 cc,5
447,351,2,1,12,1,525000,2018,78900,1120 cc,5
448,352,3,1,5,1,285000,2011,52000,998 cc,5
449,320,2,2,8,1,7780000,2022,11000,1950 cc,5
450,353,2,2,8,1,1989999,2018,103000,1997cc,7
451,354,2,2,13,1,1200000,2017,95785,2179 cc,7
452,355,2,1,18,1,620000,2017,92000,1498 cc,5
453,220,2,2,8,1,5200000,2019,43000,1999 cc,5
454,356,2,2,27,1,1998999,2017,39328,2143 cc,5
455,357,2,2,5,1,2725000,2020,18625,2393 cc,7
456,288,1,1,3,1,590000,2019,26000,1197 cc,5
457,358,2,2,37,2,1489000,2014,81000,1995 cc,5
458,359,2,2,2,1,685000,2018,92000,1248 cc,5
459,360,2,1,11,1,1121000,2019,38000,2523 cc,7
460,361,1,1,56,2,114999,2012,93000,1368 cc,5
461,123,1,1,8,1,545000,2019,10340,998 cc,5
462,173,2,2,32,1,1350000,2015,47706,1968 cc,5
463,362,1,1,52,1,1299000,2021,13400,1462 cc,6
464,363,2,1,32,1,450000,2016,44613,1498 cc,5
465,364,1,2,31,1,9000000,2017,7000,1988 cc,2
466,288,1,1,27,1,550000,2019,29000,1197 cc,5
467,156,2,2,5,1,4390000,2020,23000,1995 cc,5
468,256,3,1,1,1,445000,2015,67580,998 cc,5
469,365,1,1,27,1,495000,2015,42000,1591 cc,5
470,366,1,1,1,1,360000,2015,16205,998 cc,5
471,367,1,2,24,3,345000,2007,92000,1995 cc,5
472,65,1,2,5,1,565000,2016,29000,1197 cc,5
473,368,2,2,8,1,9390000,2022,14000,1950 cc,5
474,369,2,2,8,1,615000,2017,69000,1493 cc,7
475,370,2,1,27,1,525000,2015,114635,1498 cc,5
476,83,2,2,8,2,2650000,2018,50000,1995 cc,5
477,83,2,2,7,1,3785000,2019,29221,1995 cc,5
478,371,1,2,35,1,1500000,2012,158000,1563cc,5
479,101,2,2,5,2,1175000,2012,77000,1968 cc,5
480,372,2,2,13,5,6400000,2022,5500,1950 cc,5
481,373,2,2,5,2,1450000,2013,70000,1995 cc,5
482,177,2,2,1,2,4900000,2017,65341,2993 cc,5
483,374,1,2,8,1,1390000,2022,32000,1498 cc,5
484,375,1,2,8,1,35000000,2018,9500,3902 cc,2
485,376,2,2,5,1,2990000,2020,17904,1968 cc,5
486,377,2,2,6,1,2150000,2012,95000,2179 cc,5
487,352,3,1,5,1,315000,2013,72000,998 cc,5
488,378,1,1,27,1,71001,2004,65082,1557cc,5
489,59,1,1,16,3,295000,2012,66240,1245cc,5
490,379,1,2,13,1,8500000,2018,25275,2996 cc,5
491,90,3,1,5,1,400000,2016,67850,998 cc,5
492,380,1,1,15,1,49000,2010,60000,624 cc,4
493,381,2,1,51,2,379000,2012,88500,1176cc,4
494,272,2,1,1,1,610000,2017,105000,1248 cc,5
495,130,1,2,9,1,1075000,2019,45000,1591 cc,5
496,382,2,2,7,1,7500000,2021,8000,1950 cc,5
497,238,1,2,5,1,1321000,2018,38000,1798 cc,5
498,383,2,1,2,1,950000,2020,55055,1248 cc,5
499,84,1,1,9,1,825000,2021,22000,1197 cc,5
500,384,2,1,7,2,1300000,2013,95000,2477 cc,7
501,385,1,1,5,1,465000,2014,25704,1197 cc,5
502,2,2,1,10,2,475000,2016,55353,1248 cc,5
503,386,2,2,35,1,1775000,2015,80000,1968 cc,5
504,387,1,2,31,1,825000,2018,62000,1197 cc,5
505,388,2,2,6,1,3450000,2019,41526,3198 cc,7
506,389,1,1,27,2,379000,2018,29434,1047 cc,5
507,390,1,1,3,1,240000,2017,42000,1198 cc,5
508,391,1,1,8,1,1525000,2021,14000,1497 cc,5
509,373,2,2,27,1,1400000,2014,35000,1995 cc,5
510,392,2,2,5,2,1044999,2012,75000,1167cc,5
511,393,1,2,8,1,24000000,2016,6000,5204 cc,2
512,394,2,2,5,2,2450000,2018,61000,2143 cc,5
513,157,2,2,3,1,1789999,2015,45000,2143 cc,5
514,395,2,2,8,1,4275000,2019,31000,1950 cc,5
515,396,1,1,5,1,775000,2020,39000,1197 cc,5
516,397,1,1,1,1,229999,2012,52000,998 cc,5
517,352,3,1,5,1,280000,2011,54000,998 cc,5
518,398,1,1,10,1,300000,2018,51000,814 cc,5
519,399,1,1,10,1,160000,2011,72000,998 cc,5
520,248,1,1,3,1,150000,2011,65000,796 cc,5
521,368,2,2,25,1,8300000,2020,50000,1950 cc,5
522,247,2,2,8,2,1685000,2016,80251,1968 cc,5
523,241,1,1,35,2,270000,2010,86000,1197 cc,5
524,110,1,1,57,1,210000,2014,42505,796 cc,5
525,29,1,1,11,1,625000,2017,42000,1197 cc,5
526,400,2,2,5,1,6900000,2017,42200,2993 cc,4
527,279,1,2,35,1,1490000,2019,57600,1353 cc,5
528,401,2,1,3,1,1095000,2018,57000,2179 cc,7
529,402,2,2,28,1,850000,2014,85000,2953 cc,7
530,403,2,2,1,2,1600000,2016,128000,1995 cc,5
531,404,1,1,8,1,265000,2011,66000,1496 cc,5
532,85,1,1,33,1,360000,2013,58000,1598 cc,5
533,195,2,1,13,1,350000,2012,89445,1248 cc,5
534,405,2,1,8,2,1485000,2015,64120,2982 cc,7
535,406,1,1,1,1,800000,2017,82300,1373 cc,5
536,251,2,1,3,1,710000,2017,73000,1248 cc,5
537,407,2,1,3,1,710000,2018,72000,1598 cc,5
538,408,1,1,1,1,720000,2018,50197,999 cc,5
539,409,1,1,5,1,395000,2014,44527,1198 cc,5
540,410,2,2,7,1,2799000,2017,72400,1968 cc,5
541,411,1,1,8,2,455000,2014,50000,1499 cc,5
542,170,1,1,8,1,690000,2014,37000,1497 cc,5
543,412,2,2,8,1,13000000,2021,20000,2925 cc,7
544,413,2,2,58,1,1995000,2020,8000,1956 cc,5
545,414,2,2,21,2,1750000,2014,69000,1995 cc,5
546,83,2,2,8,1,2900000,2019,25000,1995 cc,5
547,83,2,2,5,1,4500000,2022,17000,1995 cc,5
548,105,1,1,8,1,450000,2013,61000,1497 cc,5
549,252,2,2,8,1,2149000,2015,69000,1995 cc,5
550,415,2,2,35,2,4200000,2015,77000,2987 cc,7
551,416,2,1,1,1,860000,2018,82200,1497 cc,5
552,149,1,1,8,1,875000,2018,28000,1497 cc,5
553,417,2,1,43,2,580000,2011,117000,2179 cc,7
554,418,2,2,13,1,3500000,2021,7900,1996 cc,6
555,419,1,1,10,1,229999,2010,72000,1298 cc,5
556,243,2,2,23,2,1513000,2015,79000,1968 cc,5
557,237,1,1,51,1,234000,2013,72600,998 cc,5
558,420,1,2,7,2,320000,2018,42313,999 cc,5
559,56,2,2,8,1,5975000,2021,18000,1995 cc,5
560,292,2,1,13,1,1025000,2019,90000,1248 cc,5
561,248,1,1,3,1,169000,2010,18500,796 cc,5
562,289,2,1,11,1,630000,2017,36000,1248 cc,5
563,421,1,2,8,1,1090000,2020,26200,998 cc,5
564,422,1,1,35,2,700000,2019,11000,1197 cc,5
565,270,1,1,23,1,661000,2021,14366,1197 cc,5
566,312,2,1,5,1,250999,2011,98000,2179 cc,7
567,423,2,1,8,2,565000,2017,65000,1493 cc,7
568,424,2,1,8,1,750000,2014,126000,2494 cc,7
569,247,2,2,25,2,1850000,2015,71700,1968 cc,5
570,425,2,1,3,1,850000,2016,114000,2179 cc,7
571,426,2,1,51,1,535000,2016,58339,1396 cc,5
572,427,1,2,5,2,345000,2011,50667,2356cc,5
573,428,2,2,1,1,770000,2019,72040,1248 cc,5
574,346,1,2,8,1,3650000,2019,6000,1998 cc,5
575,429,1,1,27,1,1195000,2022,6200,998 cc,5
576,430,1,2,5,3,1650000,2012,44000,5461 cc,5
577,317,1,2,27,1,3199000,2021,6900,1798 cc,5
578,431,1,2,22,1,7100000,2022,2500,1991 cc,5
579,15,1,2,8,1,625000,2016,68000,1197 cc,5
580,251,2,1,11,1,745000,2018,36000,1248 cc,5
581,432,1,1,23,1,551000,2021,19000,1086 cc,5
582,382,2,2,35,1,5950000,2019,10000,1950 cc,5
583,433,2,2,1,1,22000000,2019,35000,2993 cc,5
584,434,2,2,8,1,3300000,2019,6400,1496 cc,5
585,435,2,2,35,1,3250000,2019,34000,3198 cc,7
586,436,2,2,8,2,690000,2016,35000,1461 cc,5
587,437,2,2,5,1,894999,2019,46000,1248 cc,5
588,336,2,1,33,1,550000,2016,83000,1598 cc,5
589,282,2,1,5,3,399000,2013,54000,1498 cc,5
590,438,1,1,23,1,1275000,2020,42000,1497 cc,5
591,439,1,1,7,1,535000,2020,41441,1196 cc,5
592,251,2,1,30,1,825000,2018,48174,1248 cc,5
593,303,2,1,5,1,585000,2016,62591,1498 cc,5
594,262,1,2,5,1,675000,2017,48650,1199 cc,5
595,440,2,1,1,1,795000,2017,52245,1248 cc,5
596,431,1,2,8,1,6500000,2021,7500,1991 cc,5
597,441,2,1,59,1,611000,2017,65000,1396 cc,5
598,123,1,1,60,1,390000,2015,43297,998 cc,5
599,288,1,1,1,1,650000,2019,44710,1197 cc,5
600,442,2,1,3,1,390000,2013,62000,1461 cc,5
601,410,2,2,27,1,2400000,2017,59267,1968 cc,5
602,270,1,1,13,1,385000,2011,69000,1197 cc,5
603,116,1,1,10,1,450000,2017,75000,1197 cc,5
604,443,1,1,36,1,649000,2020,52236,1197 cc,5
605,444,2,2,5,1,3499000,2020,47000,2134cc,7
606,445,2,2,19,1,2900000,2019,15530,1968 cc,5
607,2,2,1,18,1,400000,2014,64000,1248 cc,5
608,446,1,2,27,1,599000,2020,35000,1197 cc,5
609,447,2,1,3,1,2980000,2019,92000,2755 cc,7
610,448,1,2,5,1,3500000,2018,18000,1395 cc,5
611,449,1,1,27,1,400000,2016,50000,1199 cc,5
612,450,1,2,50,1,6975000,2022,2000,1991 cc,5
613,451,2,2,15,1,745000,2013,72000,2345cc,5
614,142,2,2,50,1,5400000,2016,16000,2143 cc,5
615,415,2,2,3,2,3700000,2015,103890,2987 cc,7
616,452,1,1,2,1,445000,2018,71000,998 cc,5
617,453,2,1,2,1,1475000,2021,12000,2184 cc,4
618,67,2,2,24,1,2800000,2016,93000,2755 cc,7
619,454,1,1,2,2,190000,2013,63000,814 cc,5
620,288,1,1,61,1,600000,2020,10000,1197 cc,5
621,334,2,2,5,1,1835000,2020,33828,1493 cc,5
622,207,3,1,5,1,550000,2019,48000,998 cc,5
623,455,2,1,8,1,715000,2017,71000,1248 cc,5
624,456,2,2,8,1,2540000,2022,18000,2184 cc,7
625,457,3,1,8,1,525000,2019,50000,998 cc,5
626,148,1,1,8,1,425000,2015,48000,1197 cc,5
627,458,1,2,10,1,795000,2022,4000,1197 cc,5
628,459,1,1,8,2,269000,2010,73000,1497 cc,5
629,460,2,2,5,1,1450000,2013,170669,2982 cc,7
630,461,2,1,3,1,565000,2014,68000,1582 cc,5
631,414,2,2,6,2,2550000,2015,70000,1995 cc,5
632,462,1,1,28,1,529000,2015,57654,1197 cc,5
633,208,1,1,2,1,400000,2019,22000,998 cc,5
634,463,2,1,33,2,360000,2012,80000,2345cc,5
635,464,1,1,1,1,975000,2019,41792,1462 cc,6
636,224,2,2,13,1,2600000,2017,41000,1995 cc,5
637,415,2,2,8,2,2390000,2013,107021,2987 cc,7
638,465,1,1,7,1,1550000,2019,17000,1353 cc,5
639,466,1,2,13,1,430000,2019,57993,998 cc,5
640,467,5,2,13,1,1275000,2021,18000,2345cc,5
641,46,1,1,24,1,600000,2018,32000,1197 cc,5
642,42,1,2,1,1,1650000,2018,25914,1798 cc,5
643,249,2,2,7,1,3350000,2014,49235,2342cc,5
644,468,1,2,8,1,9400000,2022,4500,2995 cc,7
645,237,1,1,39,2,250000,2014,114000,998 cc,5
646,469,2,2,5,2,994999,2016,105000,2179 cc,7
647,91,2,1,21,1,675000,2016,45000,1248 cc,5
648,116,1,1,5,1,455000,2014,30183,1197 cc,5
649,470,2,1,9,3,375000,2012,78000,4322cc,5
650,123,1,1,29,2,345000,2016,73190,998 cc,5
651,471,1,2,1,1,4700000,2022,13120,1998 cc,5
652,285,1,1,44,1,700000,2014,64000,1797 cc,5
653,472,2,1,13,1,499000,2014,140000,1498 cc,5
654,49,1,1,8,1,590000,2015,39000,1373 cc,5
655,473,1,2,6,2,490000,2014,56918,1198 cc,5
656,428,2,2,8,1,695000,2018,55000,1248 cc,5
657,474,2,1,5,1,1025000,2019,42000,1396 cc,5
658,475,1,2,5,1,3375000,2021,25000,1984 cc,7
659,333,2,1,1,1,2250000,2019,28000,2393 cc,8
660,394,2,2,5,2,2650000,2018,43000,2143 cc,5
661,46,1,1,8,1,715000,2021,16000,1197 cc,5
662,476,2,2,27,2,1200000,2019,27657,1582 cc,5
663,330,1,1,49,1,275000,2012,30000,998 cc,5
664,459,1,1,62,1,445000,2012,111000,1497 cc,5
665,477,2,2,1,1,1850000,2016,37600,2143 cc,4
666,219,2,1,8,1,665000,2017,48000,1248 cc,5
667,478,2,1,13,1,1090000,2019,37000,1396 cc,5
668,479,2,2,31,1,5500000,2015,54000,2987 cc,5
669,134,2,2,41,2,2400000,2017,81802,1968 cc,5
670,480,2,2,5,1,1085000,2018,45915,1582 cc,5
671,481,1,2,5,1,2140000,2021,24000,1999 cc,6
672,482,1,2,1,1,795000,2019,22224,1199 cc,5
673,483,3,1,8,1,1080000,2021,38000,1373 cc,7
674,484,1,1,8,1,628000,2018,53848,1199 cc,5
675,156,2,2,13,2,1550000,2013,104264,1995 cc,5
676,485,1,2,5,2,2400000,2016,61159,1991 cc,5
677,170,1,1,61,1,595000,2015,72000,1497 cc,5
678,486,2,2,8,1,3450000,2016,29000,2179 cc,5
679,30,1,1,35,1,819999,2018,42000,1199 cc,5
680,487,2,2,9,1,1490000,2012,40000,1968 cc,5
681,488,2,1,18,1,950000,2020,57400,1497 cc,5
682,489,2,2,8,2,3750000,2019,13500,1999 cc,5
683,490,1,2,1,1,4950000,2021,12400,1991 cc,5
684,491,2,2,1,1,2950000,2021,38000,1956 cc,5
685,145,1,2,1,1,1625000,2019,7000,1451 cc,5
686,161,2,1,2,2,1290000,2012,121000,2982 cc,7
687,492,2,1,1,1,625000,2015,76000,1364 cc,5
688,228,2,1,35,1,1490000,2018,50000,2179 cc,7
689,493,1,2,30,2,325000,2013,46721,1197 cc,5
690,469,2,2,8,1,1190000,2017,41470,2179 cc,7
691,494,2,1,43,3,625000,2013,170000,2179 cc,8
692,495,2,2,8,2,5375000,2014,80000,2993 cc,5
693,496,1,2,5,1,1138000,2018,6000,1497 cc,5
694,497,1,2,5,1,4250000,2021,17000,1798 cc,5
695,59,1,1,63,1,365000,2014,31000,1198 cc,5
696,498,2,2,8,2,475000,2014,73265,1998 cc,5
697,499,2,1,21,1,1225000,2019,47000,1582 cc,5
698,500,2,1,8,1,725000,2017,42000,1248 cc,7
699,157,2,2,5,2,2450000,2017,25000,2143 cc,5
700,501,2,1,14,3,225000,2009,140000,1991 cc,5
701,342,1,2,5,1,695000,2018,68818,1197 cc,5
702,502,2,2,1,1,2200000,2018,57000,2755 cc,7
703,503,2,2,2,1,950000,2020,39000,1498 cc,5
704,504,1,2,8,1,2598000,2022,12050,2694 cc,7
705,75,1,1,5,1,585000,2017,24100,1199 cc,5
706,505,1,1,8,1,434999,2017,23000,1196 cc,5
707,272,2,1,6,1,295000,2009,185000,1248 cc,5
708,506,2,1,13,1,910000,2019,76000,1498 cc,5
709,507,1,1,13,1,565000,2020,47000,998 cc,5
710,508,1,2,42,1,1050000,2021,1910,1462 cc,5
711,509,2,1,23,1,990000,2019,23000,1396 cc,5
712,510,2,2,33,2,2590000,2020,36978,1968 cc,5
713,511,2,1,40,1,1000000,2016,33000,2179 cc,7
714,512,1,1,11,1,254999,2012,18954,1086 cc,5
715,513,1,2,25,1,598000,2015,58200,1591 cc,5
716,514,2,1,21,1,850000,2018,83000,1493 cc,7
717,151,2,1,54,2,560000,2016,80000,1396 cc,5
718,515,2,2,3,1,975000,2011,75000,1968 cc,5
719,516,2,2,35,1,2600000,2017,64000,1968 cc,5
720,336,2,1,13,1,745000,2016,117048,1598 cc,5
721,517,1,1,8,1,495000,2017,47000,1197 cc,5
722,518,1,2,1,1,2450000,2018,43290,1798 cc,5
723,519,1,1,44,1,250000,2013,70000,2333cc,5
724,520,2,2,8,1,2850000,2016,7000,2143 cc,5
725,316,2,1,3,1,925000,2016,150000,2179 cc,8
726,107,2,2,8,1,1075000,2013,125000,2982 cc,7
727,521,2,2,1,1,6225000,2019,42079,2987 cc,5
728,249,2,2,13,1,2650000,2015,62645,2314cc,5
729,101,2,2,24,1,1500000,2014,69000,1968 cc,5
730,522,1,2,1,2,2800000,2011,70662,2453cc,5
731,523,2,1,64,2,625000,2011,40000,2835 cc,5
732,524,1,1,1,3,325000,2011,101347,1496 cc,5
733,525,2,1,35,1,1485000,2021,36700,1497 cc,8
734,526,2,2,3,1,1650000,2012,240000,2967 cc,5
735,516,2,2,1,1,1800000,2014,76529,1968 cc,5
736,527,2,1,7,2,1290000,2014,85000,2494 cc,7
737,230,2,1,35,1,600000,2016,99000,1461 cc,5
738,65,1,2,8,2,436000,2014,37959,1197 cc,5
739,528,2,2,33,1,4300000,2021,60000,2755 cc,7
740,529,1,1,3,1,270000,2017,27000,1198 cc,5
741,530,2,1,10,2,320000,2011,75000,1991 cc,5
742,531,1,2,8,1,1911000,2022,1300,1353 cc,5
743,281,2,2,5,1,8600000,2020,21696,2993 cc,5
744,395,2,2,8,1,3900000,2019,33000,1950 cc,5
745,532,2,2,5,1,2000000,2016,6000,1984 cc,5
746,23,1,2,27,1,465000,2019,19000,1086 cc,5
747,149,1,1,1,1,875000,2019,58618,1497 cc,5
748,533,1,2,5,1,3200000,2017,10500,1998 cc,4
749,534,2,1,65,1,850000,2019,85641,1493 cc,7
750,52,1,2,28,1,426999,2020,41669,999 cc,5
751,368,2,2,8,1,9200000,2022,10000,1950 cc,5
752,535,2,1,11,1,1035000,2018,36000,1582 cc,5
753,536,1,1,5,1,695000,2018,31000,1197 cc,5
754,83,2,2,7,1,3675000,2020,37180,1995 cc,5
755,231,2,2,14,1,1700000,2021,14000,2184 cc,4
756,537,1,1,13,2,449000,2018,53512,1199 cc,5
757,538,2,2,7,5,5400000,2022,4600,2148 cc,5
758,539,2,2,8,1,3950000,2021,40000,1996 cc,6
759,284,2,1,2,2,565000,2015,65000,1396 cc,5
760,83,2,2,7,1,3775000,2019,32963,1995 cc,5
761,540,2,2,48,2,1275000,2012,101000,2143 cc,5
762,223,1,1,5,1,375000,2018,14000,999 cc,5
763,541,2,1,47,1,949000,2018,50500,1248 cc,5
764,103,2,1,13,1,775000,2019,80849,1248 cc,5
765,542,2,2,8,1,1800000,2014,19868,1968 cc,5
766,543,1,2,5,1,825000,2016,45000,1497 cc,5
767,544,1,1,13,1,509999,2019,30858,1086 cc,5
768,545,2,1,3,1,1350000,2018,56500,2179 cc,7
769,546,1,1,7,1,650000,2020,37003,1197 cc,5
770,547,2,1,3,1,1490000,2021,11000,1498 cc,5
771,82,1,1,21,1,545000,2016,53000,1197 cc,5
772,156,2,2,6,1,2950000,2018,75000,1995 cc,5
773,180,2,2,1,1,1150000,2010,120000,2987 cc,5
774,173,2,2,5,1,1850000,2013,44087,1968 cc,5
775,204,2,2,5,1,3995000,2016,39000,2993 cc,7
776,548,2,2,8,1,1750000,2014,59000,2143 cc,5
777,121,2,2,5,1,5500000,2017,45000,2967 cc,7
778,549,2,1,3,2,360000,2013,92000,1461 cc,5
779,550,1,1,27,1,625000,2019,48422,1497 cc,5
780,156,2,2,8,1,4150000,2019,29000,1995 cc,5
781,453,2,1,44,1,1698999,2021,37500,2184 cc,4
782,46,1,1,31,2,484999,2018,62000,1197 cc,5
783,551,1,2,1,1,4250000,2020,17000,1395 cc,5
784,483,3,1,5,1,800000,2017,76642,1373 cc,7
785,552,1,1,8,1,1275000,2019,44000,1591 cc,5
786,553,1,2,8,1,9500000,2018,20000,1988 cc,2
787,156,2,2,7,2,1375000,2013,102000,1995 cc,5
788,554,2,1,9,1,1700000,2022,9000,1493 cc,5
789,555,2,1,42,1,500000,2013,135000,2179 cc,7
790,556,2,2,1,1,6800000,2020,14500,1950 cc,5
791,342,1,2,5,1,715000,2019,31552,1197 cc,5
792,557,1,2,23,1,380000,2016,70000,998 cc,5
793,519,1,1,8,1,375000,2016,35134,1198 cc,5
794,558,2,2,7,3,7200000,2016,45000,2993 cc,5
795,368,2,2,8,1,8190000,2020,18000,1950 cc,5
796,559,1,2,5,1,695000,2018,8000,1197 cc,5
797,560,2,1,11,1,875000,2016,62125,1582 cc,5
798,561,2,2,1,1,3500000,2016,78000,1999 cc,7
799,562,1,1,1,1,685000,2018,64300,1197 cc,5
800,563,2,1,66,1,1875000,2021,28000,1956 cc,7
801,564,1,2,5,1,1685000,2017,28600,1798 cc,5
802,134,2,2,33,2,2550000,2015,69500,1968 cc,5
803,565,2,1,10,1,869999,2017,70000,1582 cc,5
804,45,2,1,5,1,875000,2018,24000,2498 cc,6
805,173,2,2,23,1,1390000,2012,69500,1968 cc,5
806,566,2,1,3,1,825000,2019,25500,1248 cc,5
807,319,1,2,5,1,785000,2017,20000,1373 cc,5
808,157,2,2,5,2,2145000,2016,55000,2143 cc,5
809,567,3,1,65,1,590000,2021,8640,1196 cc,5
810,568,1,1,54,1,335000,2013,80500,1343cc,5
811,569,1,2,5,2,2550000,2013,65000,2995 cc,5
812,382,2,2,7,1,6500000,2019,5750,1950 cc,5
813,76,1,1,8,1,490000,2015,50000,1198 cc,5
814,570,2,2,8,1,5950000,2017,28000,2993 cc,4
815,133,1,1,5,1,250000,2011,75431,1236cc,4
816,12,1,1,13,5,420000,2017,43000,999 cc,5
817,571,2,2,7,1,2395000,2019,44876,1995 cc,5
818,572,2,1,40,2,360000,2013,95610,1336 cc,5
819,549,2,1,28,1,325000,2013,51000,1461 cc,5
820,573,2,2,35,2,2300000,2013,110000,2179 cc,5
821,574,3,1,5,1,642000,2014,53693,1373 cc,7
822,398,1,1,59,1,290000,2018,70000,814 cc,5
823,575,1,1,8,1,390000,2014,57000,1197 cc,5
824,576,1,2,8,1,890000,2014,63000,1798 cc,5
825,577,1,1,32,1,100000,2002,65494,2345cc,5
826,578,1,1,15,1,440000,2016,53807,1197 cc,5
827,579,1,1,22,1,721000,2018,46000,1373 cc,5
828,580,1,2,2,2,1515000,2018,67546,1798 cc,5
829,581,1,2,8,1,7000000,2021,14500,1997 cc,7
830,149,1,1,52,1,949000,2018,37100,1497 cc,5
831,320,2,2,15,1,5500000,2019,30000,1950 cc,5
832,582,1,1,28,1,319000,2018,89059,799 cc,5
833,111,2,1,2,2,459999,2013,77000,1248 cc,7
834,532,2,2,9,1,2100000,2018,42000,1984 cc,5
835,46,1,1,7,1,685000,2017,58146,1197 cc,5
836,533,1,2,8,1,3900000,2020,13000,1998 cc,4
837,583,2,1,10,2,300000,2013,75000,1364 cc,5
838,584,2,2,8,1,6350000,2016,20500,3245cc,5
839,142,2,2,44,3,5400000,2018,50500,2143 cc,5
840,585,2,2,23,5,4100000,2022,3826,1950 cc,5
841,242,2,2,44,1,6875000,2019,53000,2987 cc,7
842,552,1,1,8,2,1115000,2018,37000,1591 cc,5
843,73,1,2,23,2,761000,2017,38000,1497 cc,5
844,84,1,1,30,1,825000,2021,8499,1197 cc,5
845,586,2,1,16,1,650000,2016,61181,1396 cc,5
846,449,1,1,8,1,565000,2017,45000,1199 cc,5
847,587,1,2,1,1,750000,2007,102000,3498 cc,5
848,446,1,2,5,1,685000,2021,9232,1197 cc,5
849,588,1,1,64,1,135000,2008,72542,1061 cc,5
850,589,1,1,36,1,609000,2018,42601,1197 cc,5
851,590,2,1,3,2,365000,2009,90000,2179 cc,8
852,121,2,2,1,1,5175000,2016,65000,2967 cc,7
853,502,2,2,2,1,2175000,2018,40000,2755 cc,7
854,591,2,2,23,2,675000,2013,106223,2696 cc,7
855,592,2,2,6,2,1400000,2009,115000,2993 cc,5
856,593,1,1,67,1,480000,2016,50000,1198 cc,5
857,252,2,2,5,1,5800000,2020,30000,1995 cc,5
858,594,2,2,48,1,6700000,2018,39850,2967 cc,7
859,595,2,2,8,1,625000,2014,80000,1582 cc,5
860,236,2,2,30,1,1791000,2017,96095,2999 cc,7
861,439,1,1,23,1,422000,2018,12768,1196 cc,5
862,596,1,2,8,5,4200000,2021,12321,1984 cc,5
863,42,1,2,30,1,1295000,2018,65100,1798 cc,5
864,597,1,1,8,1,495000,2017,30000,1197 cc,5
865,299,1,2,5,1,585000,2019,12000,1199 cc,5
866,395,2,2,5,1,3950000,2019,33000,1950 cc,5
867,320,2,2,8,1,7475000,2021,13000,1950 cc,5
868,598,1,2,8,2,425000,2013,57000,1598 cc,5
869,233,2,2,24,3,975000,2011,61000,1995 cc,5
870,138,2,2,35,2,4150000,2017,48000,1950 cc,5
871,599,2,2,7,1,2475000,2012,118000,2967 cc,7
872,600,2,2,5,2,2990000,2017,44000,1995 cc,5
873,204,2,2,33,1,3550000,2015,59000,2993 cc,7
874,601,2,1,31,2,280000,2013,99000,1461 cc,5
875,587,1,2,35,2,1500000,2009,75000,3498 cc,5
876,602,2,2,1,1,5100000,2019,79000,2993 cc,5
877,205,2,1,3,2,825000,2010,114000,2982 cc,7
878,256,3,1,3,1,310000,2014,82000,998 cc,5
879,262,1,2,8,1,595000,2016,80000,1199 cc,5
880,603,2,2,2,1,3100000,2014,65000,2342cc,5
881,604,2,1,5,1,1240000,2017,57000,1956 cc,5
882,439,1,1,5,2,328000,2018,26807,1196 cc,5
883,11,1,1,8,1,625000,2018,23000,1197 cc,5
884,272,2,1,15,1,409999,2015,112000,1248 cc,5
885,605,1,1,8,1,975000,2022,5000,1263cc,5
886,606,1,1,24,1,545000,2015,70000,1197 cc,5
887,607,1,1,7,1,699000,2019,53929,999 cc,5
888,608,1,1,6,1,390000,2014,49580,998 cc,5
889,609,2,1,10,2,680000,2014,85000,1364 cc,5
890,610,2,1,68,1,625000,2015,61000,1248 cc,5
891,611,4,1,42,2,235000,2012,35000,998 cc,5
892,612,2,1,11,1,951000,2016,42000,2523 cc,8
893,613,1,2,7,2,550000,2011,69000,1497 cc,5
894,614,1,2,35,1,1350000,2017,70000,1368 cc,5
895,3,1,1,30,1,325000,2013,15780,1197 cc,5
896,69,2,2,1,2,1150000,2012,40031,1274cc,5
897,206,2,2,8,1,2600000,2015,46000,2967 cc,7
898,615,1,1,3,1,640000,2016,50800,1373 cc,5
899,467,5,2,13,1,1250000,2021,3000,2137cc,5
900,616,1,2,5,1,450000,2011,95000,1794 cc,5
901,124,2,2,1,2,750000,2010,112000,1995 cc,5
902,617,1,2,35,1,5300000,2020,36000,1984 cc,5
903,618,2,2,2,1,5800000,2019,3500,1969 cc,5
904,541,2,1,11,1,801000,2018,30000,1248 cc,5
905,619,2,1,1,2,310000,2009,107879,2178cc,5
906,620,2,1,8,1,1090000,2017,19000,1997 cc,8
907,237,1,1,38,2,245000,2014,31100,998 cc,5
908,409,1,1,6,2,475000,2014,65000,1198 cc,5
909,528,2,2,8,2,2800000,2017,49000,2755 cc,7
910,118,5,2,5,1,1450000,2022,5000,2567cc,5
911,516,2,2,1,1,2950000,2020,11000,1968 cc,5
912,126,1,1,63,1,545000,2019,28000,1197 cc,5
913,621,2,2,8,1,3975000,2021,9400,1996 cc,7
914,39,2,2,1,1,4200000,2017,77000,2143 cc,5
915,622,2,1,27,2,434999,2017,27000,1186 cc,5
916,582,1,1,1,1,315000,2017,15507,799 cc,5
917,623,2,1,64,2,900000,2016,70000,2696 cc,7
918,624,1,1,27,1,550000,2015,44000,1497 cc,5
919,625,2,2,5,1,4400000,2018,70000,1995 cc,5
920,107,2,2,24,2,1600000,2015,145000,2982 cc,7
921,626,1,1,31,1,198000,2017,24000,999 cc,5
922,627,4,1,11,1,225000,2014,47721,1086 cc,5
923,628,1,2,5,1,310000,2011,26000,1396 cc,5
924,582,1,1,30,1,315000,2017,15507,799 cc,5
925,149,1,1,22,2,775000,2018,39000,1497 cc,5
926,342,1,2,35,1,625000,2017,58000,1197 cc,5
927,629,2,1,9,2,775000,2015,82000,1582 cc,5
928,191,2,1,50,2,1549000,2018,95315,2393 cc,7
929,630,2,2,8,2,1679000,2016,46000,1995 cc,5
930,559,1,2,5,1,725000,2019,11874,1197 cc,5
931,122,2,1,3,1,540000,2014,86000,1582 cc,5
932,62,2,1,54,2,350000,2014,111000,1199 cc,5
933,532,2,2,6,2,1689999,2015,50000,1984 cc,5
934,631,1,1,28,1,625000,2021,28000,999 cc,5
935,632,1,1,69,1,475000,2019,25000,998 cc,5
936,633,2,1,9,1,1650000,2021,12000,1493 cc,5
937,634,1,1,28,1,409999,2019,32000,1086 cc,5
938,568,1,1,8,1,275000,2011,45000,1954cc,5
939,635,2,2,5,1,5900000,2014,70000,2993 cc,5
940,5,2,1,13,1,2100000,2017,112000,2393 cc,7
941,252,2,2,25,2,2750000,2017,51800,1995 cc,5
942,636,1,2,8,1,545000,2017,22000,1197 cc,5
943,637,2,1,13,1,740000,2015,155000,2179 cc,7
944,485,1,2,41,2,2400000,2016,60000,1991 cc,5
945,252,2,2,1,1,4500000,2018,23000,1995 cc,5
946,270,1,1,24,1,465000,2014,75000,1197 cc,5
947,638,2,1,13,1,375000,2014,71000,1248 cc,5
948,639,2,2,35,1,2900000,2017,64000,1968 cc,5
949,30,1,1,5,1,795000,2018,45326,1199 cc,5
950,640,2,2,5,1,5250000,2020,28079,1950 cc,5
951,516,2,2,5,1,2900000,2019,15529,1968 cc,5
952,641,1,2,1,1,2250000,2015,43200,1991 cc,5
953,642,1,2,7,2,1050000,2017,29386,1497 cc,5
954,575,1,1,7,1,765000,2021,18105,1197 cc,5
955,643,2,1,6,1,675000,2017,125372,1248 cc,5
956,134,2,2,16,1,2400000,2015,100000,1968 cc,5
957,64,1,1,30,1,509999,2019,40000,1196 cc,7
958,644,2,2,16,1,2750000,2022,31000,2184 cc,7
959,645,2,2,3,1,2600000,2012,42000,2967 cc,5
960,613,1,2,1,1,495000,2012,65001,1497 cc,5
961,206,2,2,5,1,2400000,2014,42533,2967 cc,7
962,126,1,1,5,1,495000,2018,45000,1197 cc,5
963,232,2,2,9,2,4200000,2018,36000,2179 cc,7
964,67,2,2,8,2,2550000,2017,44000,2755 cc,7
965,646,2,1,3,1,480000,2016,85000,1248 cc,5
966,560,2,1,10,1,1750000,2021,17000,1582 cc,5
967,139,2,1,3,1,850000,2019,72000,1248 cc,7
968,23,1,2,32,1,434999,2019,34400,1086 cc,5
969,647,1,1,8,1,1070000,2021,8800,998 cc,5
970,295,1,2,8,1,1530000,2022,2000,1498 cc,5
971,554,2,1,5,1,1598000,2020,19700,1493 cc,5
972,97,1,1,8,1,645000,2016,45000,1591 cc,5
973,648,2,2,10,1,1100000,2012,73000,1876cc,5
974,649,2,2,25,1,650000,2017,76000,1248 cc,5
975,650,2,1,7,1,545000,2013,110000,1598 cc,5
976,651,1,1,8,1,1095000,2022,2700,1497 cc,5
977,502,2,2,23,1,1975000,2018,75000,2755 cc,7
978,652,1,2,5,2,18000000,2011,60000,6592 cc,5
979,653,2,2,5,1,1839000,2017,110000,1968 cc,5
980,317,1,2,9,2,1500000,2016,70000,1798 cc,5
981,81,2,2,15,1,2100000,2017,42000,1968 cc,5
982,654,2,1,31,1,345000,2015,70000,1498 cc,5
983,149,1,1,15,1,850000,2018,52890,1497 cc,5
984,476,2,2,5,1,1425000,2018,72870,1582 cc,5
985,29,1,1,13,1,675000,2017,48591,1197 cc,5
986,488,2,1,21,1,925000,2019,60888,1497 cc,5
987,398,1,1,3,1,210000,2014,48000,814 cc,5
988,655,1,1,1,1,760000,2018,20251,1198 cc,5
989,656,2,1,5,1,640000,2015,49000,1582 cc,5
990,270,1,1,61,1,340000,2013,66000,1197 cc,5
991,657,2,2,49,1,5995000,2020,54200,1999 cc,7
992,658,1,2,1,1,550000,2013,33000,2345cc,5
993,659,1,1,30,1,695000,2017,51292,1497 cc,5
994,660,2,1,16,2,465000,2015,89000,1498 cc,5
995,661,1,1,16,1,735000,2019,55000,1197 cc,5
996,662,1,2,44,3,1300000,1988,71000,1991 cc,5
997,663,2,1,50,1,1848999,2021,20000,1493 cc,7
998,149,1,1,23,1,685000,2016,68500,1497 cc,5
999,664,2,2,8,1,875000,2014,99000,2199 cc,7
1000,502,2,2,8,1,2039999,2018,110000,2755 cc,7
1001,4,1,1,28,1,700000,2019,19244,1197 cc,5
1002,665,1,1,42,1,550000,2020,19000,1197 cc,5
1003,664,2,2,8,2,825000,2015,75000,2199 cc,7
1004,666,2,1,7,1,3100000,2021,29000,2393 cc,7
1005,101,2,2,1,2,1400000,2013,60000,1968 cc,5
1006,270,1,1,22,2,425000,2015,80000,1197 cc,5
1007,667,1,2,8,2,4375000,2018,54500,2494 cc,5
1008,668,2,2,5,1,3000000,2021,38000,2393 cc,7
1009,450,1,2,7,1,6600000,2021,16785,1991 cc,5
1010,455,2,1,8,2,640000,2016,52000,1248 cc,5
1011,35,3,1,8,1,275000,2013,76000,1086 cc,5
1012,669,1,1,5,1,695000,2019,42678,1197 cc,5
1013,613,1,2,15,2,245000,2010,95000,1497 cc,5
1014,670,2,1,8,2,690000,2016,65000,1461 cc,5
1015,671,1,2,13,1,1500000,2021,31000,999 cc,5
1016,237,1,1,1,1,270000,2014,82682,998 cc,5
1017,672,2,1,38,1,545000,2016,70500,1396 cc,5
1018,673,1,2,31,1,1875000,2021,10000,1451 cc,6
1019,582,1,1,42,1,254999,2016,57159,799 cc,5
1020,674,2,2,24,1,2000000,2014,82000,1995 cc,5
1021,675,2,2,8,1,2785000,2016,120000,2993 cc,7
1022,453,2,1,1,1,1800000,2021,17000,2184 cc,4
1023,613,1,2,1,2,475000,2012,40000,1497 cc,5
1024,100,1,1,3,1,650000,2020,58100,1197 cc,5
1025,161,2,1,27,1,1199000,2012,12749,2982 cc,7
1026,676,2,2,16,1,650000,2013,83466,2199 cc,7
1027,612,2,1,57,2,795000,2015,86000,2523 cc,8
1028,150,1,2,1,2,2385000,2015,60921,1991 cc,5
1029,677,2,2,23,1,1700000,2014,78000,1968 cc,5
1030,250,1,1,5,1,380000,2012,53000,1591 cc,5
1031,12,1,1,13,1,295000,2016,34736,999 cc,5
1032,678,2,1,23,1,1750000,2020,14400,1956 cc,5
1033,679,2,1,54,2,525000,2015,85000,2498 cc,7
1034,680,1,1,8,2,275000,2011,80000,2134cc,7
1035,681,1,2,8,1,2180000,2018,77590,1395 cc,5
1036,682,1,2,35,3,8000000,2017,25000,4951 cc,4
1037,220,2,2,23,1,4325000,2018,40545,1999 cc,5
1038,195,2,1,10,6,120000,2009,80000,1248 cc,5
1039,25,3,1,10,2,155000,2009,56852,796 cc,5
1040,683,1,2,5,1,735000,2018,42000,1197 cc,5
1041,684,1,2,1,2,900000,2018,55000,1598 cc,5
1042,685,1,2,8,2,795000,2014,53000,1798 cc,5
1043,434,2,2,8,1,3300000,2018,17000,1496 cc,5
1044,67,2,2,5,1,3775000,2020,50000,2755 cc,7
1045,686,2,1,11,3,325000,2012,70000,2489 cc,8
1046,251,2,1,25,1,725000,2017,75793,1248 cc,5
1047,687,1,2,5,2,2100000,2007,34000,2341cc,5
1048,688,2,2,13,1,994999,2012,89311,1984 cc,5
1049,566,2,1,24,1,785000,2018,80000,1248 cc,5
1050,689,1,2,23,1,7500000,2020,38000,2995 cc,5
1051,67,2,2,8,2,2799000,2019,69500,2755 cc,7
1052,123,1,1,27,1,390000,2018,66794,998 cc,5
1053,690,1,2,13,1,9000000,2019,27000,1984 cc,5
1054,691,1,2,1,1,675000,2017,35616,1197 cc,5
1055,692,1,1,32,1,320000,2015,64000,1196 cc,5
1056,691,1,2,35,1,840000,2020,7000,1197 cc,5
1057,123,1,1,32,1,310000,2015,45000,998 cc,5
1058,693,1,1,8,1,795000,2017,9000,1373 cc,7
1059,90,3,1,8,2,310000,2015,67738,998 cc,5
1060,4,1,1,7,1,860000,2021,11030,1197 cc,5
1061,3,1,1,11,1,390000,2015,49123,1197 cc,5
1062,694,2,2,23,1,1200000,2012,125000,1298cc,5
1063,646,2,1,58,1,520000,2018,46000,1248 cc,5
1064,695,1,2,44,2,1200000,2000,65000,1783cc,5
1065,566,2,1,3,1,675000,2018,64000,1248 cc,5
1066,165,1,1,30,1,475000,2021,7942,998 cc,5
1067,110,1,1,3,1,265000,2017,52100,796 cc,5
1068,336,2,1,6,1,950000,2019,32809,1598 cc,5
1069,107,2,2,21,1,1750000,2014,101000,2982 cc,7
1070,696,2,2,5,1,2225000,2016,40500,1968 cc,5
1071,697,1,1,50,1,1748999,2021,25700,1368 cc,5
1072,41,2,2,8,2,2250000,2014,85000,2143 cc,5
1073,337,1,1,41,1,690000,2017,17268,1197 cc,5
1074,84,1,1,22,1,561000,2017,68000,1197 cc,5
1075,698,1,1,37,3,299000,2011,30000,1197cc,5
1076,699,2,1,1,1,1580000,2020,57000,549cc,5
1077,700,1,2,5,1,595000,2017,44100,1197 cc,5
1078,701,2,2,5,2,4390000,2013,91840,8739cc,5
1079,698,1,1,6,3,235000,2009,115000,1197 cc,5
1080,702,1,1,23,1,450000,2014,23000,1197 cc,5
1081,703,2,2,5,1,2299000,2014,58000,1995 cc,5
1082,142,2,2,8,1,4590000,2018,95786,2143 cc,5
1083,704,2,2,7,1,2150000,2016,95401,1968 cc,5
1084,705,1,2,7,1,1850000,2020,7000,1353 cc,5
1085,706,1,2,5,1,1175000,2017,24000,1999 cc,5
1086,158,1,1,10,1,250000,2012,68000,998 cc,5
1087,707,1,1,5,1,400000,2015,41273,1495 cc,5
1088,708,2,2,35,1,4000000,2018,66000,549cc,5
1089,499,2,1,1,1,1100000,2018,65954,1582 cc,5
1090,305,1,1,5,1,395000,2016,28000,1197 cc,5
1091,709,1,1,51,1,425000,2021,38848,998 cc,5
1092,666,2,1,35,1,2190000,2017,30000,2393 cc,7
1093,710,7,2,5,1,4800000,2020,27000,2487 cc,5
1094,711,1,1,31,1,421000,2017,69000,1197 cc,5
1095,562,1,1,5,1,560000,2016,22700,1197 cc,5
1096,712,1,1,11,1,777000,2014,9212,385cc,5
1097,713,2,2,13,2,3250000,2019,41000,1968 cc,5
1098,316,2,1,5,2,875000,2014,100000,2179 cc,8
1099,406,1,1,7,1,899000,2018,13066,1373 cc,5
1100,147,2,1,10,1,425000,2015,75000,1461 cc,5
1101,714,1,1,64,1,425000,2019,53241,998 cc,5
1102,715,1,2,8,1,3875000,2021,12000,1998 cc,5
1103,105,1,1,35,1,500000,2013,65000,1497 cc,5
1104,405,2,1,21,2,1225000,2012,97000,2982 cc,7
1105,716,1,2,8,2,1789999,2017,49000,2694 cc,7
1106,330,1,1,70,1,240000,2013,64000,998 cc,5
1107,244,1,1,2,2,240000,2010,78000,759cc,5
1108,717,2,1,13,1,935000,2019,56000,1498 cc,5
1109,18,1,2,5,1,775000,2018,39000,1197 cc,5
1110,718,2,1,11,2,950000,2017,55000,1997 cc,8
1111,719,1,2,13,2,549000,2018,53000,1197 cc,5
1112,720,3,1,5,1,645000,2021,1374,1196 cc,5
1113,395,2,2,13,1,3400000,2018,68000,1950 cc,5
1114,669,1,1,5,1,645000,2019,35000,1197 cc,5
1115,290,2,2,8,1,2600000,2016,39000,1995 cc,5
1116,515,2,2,35,1,1375000,2011,62000,1968 cc,5
1117,73,1,2,5,1,1340000,2021,11000,1497 cc,5
1118,721,1,1,7,1,840000,2020,11000,1197 cc,5
1119,116,1,1,43,2,525000,2014,102000,1197 cc,5
1120,722,1,1,13,1,625000,2022,7000,1196 cc,7
1121,723,1,1,5,1,215000,2012,20000,814 cc,5
1122,148,1,1,13,1,595000,2019,25000,1197 cc,5
1123,596,1,2,8,1,4150000,2022,22000,1984 cc,5
1124,272,2,1,13,1,750000,2018,65000,1248 cc,5
1125,724,1,1,49,1,550000,2013,47000,1499 cc,5
1126,725,2,1,32,1,450000,2016,2000000,1461 cc,5
1127,92,2,2,33,2,4175000,2016,27011,2993 cc,5
1128,245,2,2,33,2,2700000,2018,45545,1999 cc,5
1129,726,2,2,33,1,6150000,2018,18000,2987 cc,5
1130,244,1,1,7,1,565000,2014,72782,1198 cc,5
1131,727,1,1,5,1,369000,2017,16800,998 cc,5
1132,728,1,2,1,1,1090000,2019,40900,1496 cc,5
1133,30,1,1,67,1,580000,2017,39000,1199 cc,5
1134,83,2,2,48,1,2199000,2016,77000,1995 cc,5
1135,545,2,1,32,2,1251000,2018,120000,2179 cc,7
1136,98,1,1,61,1,540000,2017,38700,1198 cc,5
1137,464,1,1,36,1,1245000,2021,7239,1462 cc,6
1138,346,1,2,5,1,4749000,2020,14000,1998 cc,5
1139,443,1,1,62,1,365000,2014,76000,1197 cc,5
1140,729,2,2,1,1,4300000,2020,11000,1995 cc,5
1141,251,2,1,2,1,825000,2019,81300,1248 cc,5
1142,730,2,1,3,1,325000,2013,76000,1598 cc,5
1143,731,1,1,10,1,400000,2018,91460,1199 cc,5
1144,266,2,2,8,1,3600000,2018,45000,1999 cc,5
1145,732,2,1,11,1,671000,2013,47000,2179 cc,8
1146,39,2,2,8,1,3400000,2018,50000,2143 cc,5
1147,733,2,2,1,1,3200000,2014,133273,2993 cc,4
1148,387,1,2,48,1,775000,2017,60500,1197 cc,5
1149,174,2,2,23,1,2150000,2014,81000,2987 cc,5
1150,734,2,2,8,2,4700000,2020,22000,1999 cc,5
1151,735,2,1,56,1,145000,2009,88000,1399 cc,5
1152,736,2,2,6,1,3590000,2020,19759,1496 cc,5
1153,99,1,1,31,1,375000,2011,77000,1794 cc,5
1154,513,1,2,5,1,645000,2015,58200,1591 cc,5
1155,737,7,2,8,1,11500000,2022,4000,2494 cc,7
1156,738,1,1,7,1,509999,2015,42000,998 cc,5
1157,739,1,2,5,1,545000,2013,63000,1797 cc,5
1158,149,1,1,1,1,835000,2018,42855,1497 cc,5
1159,740,2,1,7,1,960000,2018,24000,1461 cc,5
1160,741,1,1,35,1,540000,2019,34000,998 cc,5
1161,742,1,1,8,1,1475000,2022,9500,1497 cc,5
1162,743,2,2,1,2,3600000,2014,32000,2993 cc,5
1163,744,2,1,16,1,1175000,2018,97000,1582 cc,5
1164,745,1,2,5,2,475000,2014,72900,1591 cc,5
1165,746,1,2,13,1,9900000,2021,28000,2995 cc,5
1166,578,1,1,8,1,650000,2022,6000,1197 cc,5
1167,747,2,2,5,1,6100000,2021,24500,2993 cc,5
1168,239,1,2,1,1,370000,2013,41000,1197 cc,5
1169,748,1,1,11,1,875000,2018,50000,1497 cc,5
1170,428,2,2,20,1,695000,2018,66000,1248 cc,5
1171,749,2,2,5,1,2275000,2022,38000,1956 cc,5
1172,750,1,2,8,1,2700000,2021,17000,1368 cc,5
1173,122,2,1,24,1,545000,2014,74000,1582 cc,5
1174,328,1,1,66,1,540000,2021,22000,593cc,5
1175,684,1,2,7,1,1099000,2018,20690,1598 cc,5
1176,656,2,1,2,1,1125000,2019,40000,1582 cc,5
1177,235,1,2,5,1,1299000,2018,50000,1591 cc,5
1178,751,2,2,5,2,1600000,2013,70000,1995 cc,5
1179,752,1,2,33,1,10800000,2021,20000,2998 cc,5
1180,753,1,2,16,1,1190000,2020,47248,1462 cc,6
1181,754,1,2,1,1,795000,2021,9000,1199 cc,5
1182,122,2,1,23,2,459999,2013,78000,1582 cc,5
1183,134,2,2,13,1,3400000,2018,51000,1968 cc,5
1184,755,1,1,13,1,1050000,2018,34841,1591 cc,5
1185,133,1,1,13,1,385000,2014,46000,1197 cc,5
1186,322,2,1,32,1,585000,2015,61000,1498 cc,5
1187,445,2,2,5,1,1650000,2014,55000,1968 cc,5
1188,288,1,1,60,1,625000,2020,58736,1197 cc,5
1189,756,1,1,8,1,910000,2019,34000,1462 cc,5
1190,757,2,1,32,1,1275000,2018,47000,2179 cc,7
1191,758,1,1,8,1,585000,2017,47000,1197 cc,5
1192,679,2,1,52,1,1035000,2017,79000,2498 cc,7
1193,759,1,2,5,1,1075000,2021,12020,1197 cc,5
1194,554,2,1,23,1,1650000,2020,7000,1493 cc,5
1195,760,2,2,8,1,1575000,2014,15000,1968 cc,5
1196,66,2,2,33,2,1950000,2014,82000,1995 cc,5
1197,252,2,2,5,1,6390000,2022,6000,1995 cc,5
1198,761,2,1,65,1,1080000,2019,68000,1396 cc,5
1199,121,2,2,15,1,5500000,2017,24000,2967 cc,7
1200,762,2,1,21,1,1080000,2020,56000,1493 cc,5
1201,425,2,1,5,1,800000,2015,25000,2179 cc,7
1202,763,1,1,3,1,335000,2017,34000,1198 cc,7
1203,31,1,1,16,1,1185000,2021,10700,998 cc,5
1204,458,1,2,5,1,894999,2021,25000,1197 cc,5
1205,764,1,2,42,2,650000,2019,54000,1199 cc,5
1206,572,2,1,7,1,550000,2014,75000,1396 cc,5
1207,765,2,1,10,1,550000,2016,88000,1248 cc,5
1208,247,2,2,16,2,1650000,2016,139000,1968 cc,5
1209,766,1,1,5,1,1600000,2022,1300,999 cc,5
1210,767,1,1,8,1,1175000,2019,20000,1591 cc,5
1211,768,2,2,71,1,1995000,2018,122000,2477 cc,7
1212,769,2,1,11,1,575000,2016,38000,1396 cc,5
1213,167,2,1,13,1,1975000,2021,18500,1956 cc,5
1214,770,2,1,15,1,1625000,2022,27800,1493 cc,5
1215,288,1,1,13,1,695000,2019,46027,1197 cc,5
1216,771,1,2,7,1,875000,2018,23148,1496 cc,5
1217,9,1,2,5,1,1495000,2017,28000,1798 cc,5
1218,559,1,2,1,1,725000,2019,11874,1197 cc,5
1219,755,1,1,5,1,875000,2017,50000,1591 cc,5
1220,703,2,2,7,3,2250000,2014,88000,1995 cc,5
1221,772,2,2,24,2,2350000,2016,75000,2198 cc,7
1222,630,2,2,8,1,2690000,2019,15500,1995 cc,5
1223,773,2,1,13,2,695000,2016,82445,1248 cc,5
1224,149,1,1,16,2,600000,2014,75574,1497 cc,5
1225,90,3,1,5,1,375000,2015,64000,998 cc,5
1226,305,1,1,1,1,315000,2012,75000,1197 cc,5
1227,411,1,1,8,1,775000,2019,14095,1499 cc,5
1228,134,2,2,8,1,3075000,2017,17000,1968 cc,5
1229,774,2,1,8,1,415000,2014,70000,1461 cc,5
1230,139,2,1,8,1,765000,2017,68000,1248 cc,7
1231,288,1,1,11,2,520000,2018,40000,1197 cc,5
1232,743,2,2,8,1,3900000,2015,39000,2993 cc,5
1233,535,2,1,23,1,850000,2016,72000,1582 cc,5
1234,500,2,1,13,1,969999,2016,39000,1248 cc,7
1235,765,2,1,2,1,575000,2016,62000,1248 cc,5
1236,775,2,2,1,2,3900000,2021,41086,1996 cc,7
1237,156,2,2,27,2,1395000,2013,65000,1995 cc,5
1238,776,1,2,1,1,1625000,2021,7900,999 cc,5
1239,186,2,2,5,1,1499000,2021,22000,1493 cc,5
1240,376,2,2,6,2,2050000,2018,73000,1968 cc,5
1241,9,1,2,13,2,1300000,2016,55000,1798 cc,5
1242,339,2,2,8,1,3199000,2019,6900,1968 cc,5
1243,578,1,1,10,1,450000,2017,65000,1197 cc,5
1244,777,2,1,5,1,675000,2015,48000,1498 cc,7
1245,110,1,1,10,2,280000,2018,48000,796 cc,5
1246,325,1,1,8,1,425000,2018,18000,998 cc,5
1247,778,1,2,8,3,20000000,2011,27000,6592 cc,5
1248,86,2,2,24,1,1250000,2012,78000,2143 cc,5
1249,664,2,2,7,2,1175000,2014,87938,2199 cc,7
1250,779,3,1,5,1,545000,2019,43000,1086 cc,5
1251,780,2,2,5,1,495000,2008,95200,2148 cc,5
1252,116,1,1,8,1,500000,2016,26000,1197 cc,5
1253,47,1,2,23,1,390000,2015,70000,998 cc,5
1254,207,3,1,8,1,575000,2019,31000,998 cc,5
1255,781,2,2,3,2,2100000,2014,103000,1995 cc,5
1256,3,1,1,3,1,250000,2012,54556,1197 cc,5
1257,88,1,1,1,1,685000,2019,74000,1197 cc,5
1258,582,1,1,24,1,320000,2016,64000,799 cc,5
1259,782,2,1,50,2,620000,2016,85000,1598 cc,5
1260,288,1,1,24,1,600000,2018,54000,1197 cc,5
1261,783,1,2,13,1,1750000,2019,57000,1368 cc,5
1262,784,2,2,30,1,4950000,2018,38000,1999 cc,7
1263,32,2,2,23,1,1015000,2015,68566,1582 cc,5
1264,99,1,1,23,1,390000,2009,68195,1794 cc,5
1265,579,1,1,8,1,755000,2017,57000,1373 cc,5
1266,119,1,2,8,1,1825000,2021,45000,1353 cc,5
1267,47,1,2,7,1,416000,2014,60116,998 cc,5
1268,785,2,1,21,2,325000,2010,82202,1248 cc,5
1269,225,1,1,6,2,218000,2008,51000,1061 cc,5
1270,356,2,2,5,1,2800000,2018,24000,2143 cc,5
1271,786,2,1,3,1,650000,2017,86000,1248 cc,5
1272,787,2,1,9,1,790000,2018,41000,1498 cc,5
1273,315,2,1,18,1,540000,2015,76000,1498 cc,5
1274,272,2,1,13,1,375000,2011,120000,1248 cc,5
1275,471,1,2,8,1,3990000,2021,12500,1998 cc,5
1276,553,1,2,13,1,10900000,2018,6300,1988 cc,2
1277,419,1,1,5,1,245000,2009,114000,1298 cc,5
1278,608,1,1,27,1,260000,2015,25862,998 cc,5
1279,353,2,2,1,1,3200000,2018,35000,954cc,7
1280,74,2,1,13,1,240000,2010,72000,1399 cc,5
1281,788,2,1,3,1,800000,2015,90000,1582 cc,5
1282,149,1,1,15,1,745000,2016,38000,1497 cc,5
1283,320,2,2,5,1,7390000,2021,7000,1950 cc,5
1284,177,2,2,1,2,5900000,2017,83985,2993 cc,5
1285,484,1,1,41,1,675000,2019,74237,1199 cc,5
1286,83,2,2,8,2,2650000,2018,53000,1995 cc,5
1287,110,1,1,65,1,340000,2016,52303,796 cc,5
1288,137,1,1,42,1,620000,2019,42356,1197 cc,5
1289,789,2,1,8,1,297000,2013,84000,1248 cc,5
1290,492,2,1,54,1,500000,2016,114000,1364 cc,5
1291,790,1,2,13,1,1149000,2019,26894,1591 cc,5
1292,520,2,2,1,2,2650000,2017,70000,2143 cc,5
1293,405,2,1,11,1,1375000,2012,98352,2982 cc,7
1294,791,1,1,6,3,235000,2009,107000,1086 cc,5
1295,751,2,2,1,1,2280000,2014,68000,1995 cc,5
1296,67,2,2,5,1,3090000,2017,52000,2755 cc,7
1297,792,1,2,7,1,4375000,2017,31059,2494 cc,5
1298,407,2,1,31,1,749000,2017,114000,1598 cc,5
1299,793,2,2,8,1,4800000,2017,35000,2993 cc,7
1300,794,2,1,5,1,785000,2017,44000,1493 cc,7
1301,672,2,1,35,1,750000,2017,72000,1396 cc,5
1302,395,2,2,8,1,4150000,2019,8000,1950 cc,5
1303,237,1,1,24,1,320000,2014,54000,998 cc,5
1304,795,2,2,35,2,1750000,2015,99000,2143 cc,5
1305,794,2,1,13,1,944999,2019,88000,1493 cc,7
1306,796,2,2,13,2,27500000,2020,11000,2993 cc,4
1307,775,2,2,13,1,4100000,2021,19000,1996 cc,7
1308,797,1,2,23,1,1750000,2021,33000,1451 cc,5
1309,798,2,1,11,1,811000,2018,44153,1248 cc,7
1310,799,2,2,35,1,6900000,2020,32368,2179 cc,7
1311,656,2,1,2,1,725000,2016,42000,1582 cc,5
1312,800,2,2,35,1,4600000,2020,56000,1999 cc,5
1313,118,5,2,5,1,1485000,2020,10000,843cc,5
1314,433,2,2,7,1,19300000,2019,63000,2993 cc,5
1315,801,1,2,1,1,650000,2017,49422,1197 cc,5
1316,802,1,2,5,1,1925000,2021,19000,1451 cc,6
1317,803,1,2,5,1,590000,2015,75258,1497 cc,5
1318,779,3,1,18,1,495000,2019,46000,1086 cc,5
1319,804,2,1,13,1,695000,2016,68921,1248 cc,5
1320,656,2,1,50,1,799000,2018,79800,1582 cc,5
1321,76,1,1,61,2,325000,2013,53000,1198 cc,5
1322,166,2,1,11,1,1190000,2018,59000,2179 cc,7
1323,805,2,2,1,1,5800000,2017,30000,2993 cc,5
1324,248,1,1,14,3,140000,2009,65000,796 cc,5
1325,84,1,1,42,1,750000,2021,58000,1197 cc,5
1326,181,2,2,5,1,2600000,2014,94000,2997 cc,5
1327,806,3,1,1,1,299000,2017,45000,796 cc,5
1328,528,2,2,5,1,3470000,2018,62152,2755 cc,7
1329,421,1,2,35,1,1075000,2019,28000,998 cc,5
1330,719,1,2,33,1,650000,2019,15000,1197 cc,5
1331,409,1,1,15,2,425000,2014,53610,1198 cc,5
1332,230,2,1,8,1,445000,2014,75000,1461 cc,5
1333,464,1,1,8,1,1225000,2022,16000,1462 cc,6
1334,445,2,2,8,1,1350000,2015,60000,1968 cc,5
1335,807,1,1,7,2,345000,2011,101923,856cc,5
1336,86,2,2,32,1,1450000,2014,45000,2143 cc,5
1337,528,2,2,31,1,2749000,2017,120000,2755 cc,7
1338,808,1,1,38,3,141000,2009,56400,1086 cc,5
1339,809,2,2,7,1,1375000,2017,70000,1582 cc,5
1340,191,2,1,7,1,1825000,2016,82567,2393 cc,7
1341,810,2,2,13,1,4900000,2015,32000,2967 cc,4
1342,811,2,1,49,2,525000,2015,68244,1498 cc,5
1343,812,2,2,35,2,3300000,2014,25000,2967 cc,6
1344,813,1,1,13,1,405000,2018,34000,814 cc,5
1345,81,2,2,8,1,2550000,2017,36000,1968 cc,5
1346,347,1,1,1,1,875000,2019,36000,1497 cc,5
1347,270,1,1,32,1,355000,2014,68005,1197 cc,5
1348,355,2,1,36,1,925000,2018,74797,1498 cc,5
1349,814,2,2,13,1,6500000,2021,12000,1999 cc,5
1350,758,1,1,10,1,625000,2019,31000,1197 cc,5
1351,815,1,1,7,1,425000,2020,7520,999 cc,5
1352,816,1,1,52,2,550000,2015,58078,1197 cc,5
1353,817,2,1,8,1,434999,2014,79081,1598 cc,5
1354,726,2,2,8,1,5900000,2018,28000,2987 cc,5
1355,39,2,2,31,1,3500000,2017,72000,2143 cc,5
1356,119,1,2,8,1,1750000,2022,23000,1353 cc,5
1357,818,2,2,24,1,475000,2012,74000,1991 cc,7
1358,143,1,1,27,1,425000,2015,11628,1197 cc,5
1359,819,2,1,13,1,675000,2017,81323,1498 cc,5
1360,91,2,1,24,1,675000,2016,50000,1248 cc,5
1361,666,2,1,3,1,1725000,2016,145000,2393 cc,7
1362,820,1,2,8,1,1760000,2017,48000,1798 cc,5
1363,455,2,1,10,1,730000,2017,80000,1248 cc,5
1364,578,1,1,23,1,301000,2011,28513,1197 cc,5
1365,611,4,1,65,2,275000,2011,42000,998 cc,5
1366,113,2,1,24,1,225000,2013,87000,1399 cc,5
1367,454,1,1,38,2,185000,2012,55700,814 cc,5
1368,110,1,1,38,1,285000,2017,45600,796 cc,5
1369,650,2,1,44,2,350000,2013,78000,1598 cc,5
1370,778,1,2,35,3,20000000,2012,55000,6592 cc,5
1371,412,2,2,8,1,12900000,2021,3000,2925 cc,7
1372,821,1,2,5,1,1650000,2017,52458,1798 cc,5
1373,340,3,1,10,1,265000,2017,30000,796 cc,5
1374,36,1,1,15,1,395000,2017,46992,1199 cc,5
1375,449,1,1,5,1,500000,2016,54440,1199 cc,5
1376,822,2,2,31,1,2770000,2019,32000,2157 cc,7
1377,41,2,2,5,1,2450000,2015,103000,2143 cc,5
1378,497,1,2,3,1,3125000,2020,28600,1798 cc,5
1379,823,2,2,33,1,2950000,2020,72000,2199 cc,7
1380,500,2,1,42,1,620000,2016,64906,1248 cc,7
1381,824,2,2,35,1,2250000,2016,79000,2143 cc,5
1382,579,1,1,32,1,565000,2017,64000,1373 cc,5
1383,575,1,1,13,1,550000,2018,56000,1197 cc,5
1384,825,1,1,6,2,178000,2007,85000,1086 cc,5
1385,826,2,1,8,1,1550000,2022,12000,2179 cc,7
1386,91,2,1,5,1,711000,2018,67900,1248 cc,5
1387,827,1,1,27,1,375000,2018,48144,1199 cc,5
1388,83,2,2,35,1,4475000,2021,7100,1995 cc,5
1389,690,1,2,15,1,9100000,2022,9000,1984 cc,5
1390,727,1,1,32,1,245000,2016,64000,998 cc,5
1391,370,2,1,11,1,690000,2016,38000,1498 cc,5
1392,828,2,1,11,1,944999,2016,65321,2494 cc,8
1393,829,1,2,7,3,1350000,2014,80000,1595 cc,4
1394,541,2,1,21,1,850000,2018,37093,1248 cc,5
1395,830,1,1,13,1,1200000,2021,37230,999 cc,5
1396,47,1,2,5,1,329000,2014,76116,998 cc,5
1397,712,1,1,5,1,300000,2010,83359,1799 cc,5
1398,831,2,2,8,2,1150000,2013,30000,847cc,5
1399,176,2,2,23,1,4900000,2018,38000,2993 cc,5
1400,779,3,1,8,1,465000,2019,28000,1086 cc,5
1401,317,1,2,1,1,2350000,2018,14120,1798 cc,5
1402,832,1,1,61,1,250000,2014,25000,814 cc,5
1403,673,1,2,13,1,1950000,2020,28584,1451 cc,6
1404,204,2,2,24,1,2975000,2015,87000,2993 cc,7
1405,833,2,2,5,1,3800000,2017,50000,1999 cc,5
1406,834,3,1,72,1,330000,2017,63200,998 cc,4
1407,575,1,1,8,1,409999,2014,55000,1197 cc,5
1408,835,2,1,3,1,575000,2019,71569,1498 cc,5
1409,3,1,1,5,1,270000,2012,41200,1197 cc,5
1410,58,2,1,10,1,434999,2013,117000,2179 cc,8
1411,116,1,1,23,2,465000,2014,65000,1197 cc,5
1412,56,2,2,35,1,6800000,2022,33000,1995 cc,5
1413,3,1,1,13,1,350000,2011,21000,1197 cc,5
1414,31,1,1,46,1,900000,2020,23000,998 cc,5
1415,578,1,1,7,1,595000,2016,26357,1197 cc,5
1416,235,1,2,5,1,1260000,2018,33500,1591 cc,5
1417,836,2,1,32,1,530000,2020,5923,1248 cc,5
1418,111,2,1,18,1,599000,2015,72000,1248 cc,7
1419,155,2,2,3,2,1595000,2018,54154,2179 cc,7
1420,532,2,2,8,1,1798999,2017,14000,1984 cc,5
1421,46,1,1,32,1,636000,2021,35500,1197 cc,5
1422,509,2,1,8,1,950000,2018,63000,1396 cc,5
1423,837,2,1,23,1,800000,2017,52836,1598 cc,5
1424,838,1,2,44,1,434000,2017,50000,998 cc,5
1425,769,2,1,21,1,625000,2016,72114,1396 cc,5
1426,340,3,1,31,2,245000,2015,72000,796 cc,5
1427,641,1,2,8,1,3100000,2019,24000,1991 cc,5
1428,101,2,2,9,1,1490000,2012,42000,1968 cc,5
1429,176,2,2,13,1,6000000,2018,27600,2993 cc,5
1430,727,1,1,11,1,295000,2015,31000,998 cc,5
1431,64,1,1,36,2,450000,2018,32000,1196 cc,7
1432,5,2,1,1,1,1989999,2018,55000,2393 cc,7
1433,792,1,2,7,1,3900000,2017,31059,2494 cc,5
1434,370,2,1,10,1,635000,2016,72200,1498 cc,5
1435,278,2,1,23,2,575000,2013,72000,2179 cc,7
1436,407,2,1,8,1,590000,2016,77000,1598 cc,5
1437,624,1,1,27,2,1199000,2020,26497,1497 cc,5
1438,839,1,2,10,1,380000,2013,57000,1197 cc,5
1439,451,2,2,8,2,975000,2012,56000,854cc,5
1440,840,1,2,1,1,365000,2015,20100,998 cc,5
1441,497,1,2,44,2,1000000,2010,67000,1798 cc,5
1442,453,2,1,13,1,1800000,2021,14500,2184 cc,4
1443,133,1,1,8,1,245000,2011,41000,234cc,4
1444,841,2,2,24,1,1275000,2021,30000,1493 cc,5
1445,842,1,2,35,1,7000000,2020,19000,2996 cc,4
1446,843,2,2,23,1,955000,2016,110000,1997 cc,7
1447,534,2,1,23,2,630000,2015,115339,1493 cc,7
1448,844,2,2,8,2,4475000,2020,18000,1968 cc,5
1449,231,2,2,2,1,1950000,2022,4500,2184 cc,4
1450,233,2,2,5,1,1295000,2011,56000,1995 cc,5
1451,755,1,1,1,1,890000,2017,49000,1591 cc,5
1452,372,2,2,3,1,6750000,2022,7000,1950 cc,5
1453,373,2,2,7,1,2275000,2015,78362,1995 cc,5
1454,845,2,2,7,1,1864999,2020,30000,2184 cc,4
1455,318,2,1,18,1,540000,2015,59000,1396 cc,5
1456,83,2,2,7,1,3125000,2018,49000,1995 cc,5
1457,181,2,2,5,1,3200000,2014,60513,2997 cc,5
1458,394,2,2,8,1,2750000,2019,56500,2143 cc,5
1459,122,2,1,18,1,400000,2013,71000,1582 cc,5
1460,594,2,2,8,2,3750000,2016,88000,2967 cc,7
1461,846,2,1,10,1,800000,2018,68000,1396 cc,5
1462,541,2,1,16,1,780000,2017,94827,1248 cc,5
1463,847,1,1,65,1,220000,2010,62000,998 cc,5
1464,352,3,1,8,1,225000,2012,57000,998 cc,5
1465,224,2,2,8,1,2385000,2017,22120,1995 cc,5
1466,83,2,2,8,1,3400000,2019,11000,1995 cc,5
1467,848,1,2,8,1,2850000,2017,58000,1798 cc,5
1468,541,2,1,16,1,990000,2019,54572,1248 cc,5
1469,613,1,2,8,1,325000,2010,56000,1497 cc,5
1470,613,1,2,5,2,325000,2011,89000,1497 cc,5
1471,153,2,2,33,1,549000,2014,42000,1498 cc,5
1472,849,2,1,27,1,340000,2017,6000,1461 cc,5
1473,850,2,1,1,1,425000,2013,79500,1498 cc,5
1474,156,2,2,8,2,1689999,2015,82000,1995 cc,5
1475,333,2,1,36,1,2750000,2021,34228,2393 cc,8
1476,272,2,1,1,2,515000,2014,141334,1248 cc,5
1477,288,1,1,61,1,550000,2018,50000,1197 cc,5
1478,851,2,1,23,1,550000,2014,65000,1461 cc,5
1479,852,1,2,5,1,555000,2018,20000,1199 cc,5
1480,452,1,1,11,1,391000,2017,24000,998 cc,5
1481,853,1,2,8,1,560000,2017,36000,1197 cc,5
1482,243,2,2,35,1,1420000,2013,117000,1968 cc,5
1483,854,1,1,4,1,950000,2021,24000,999 cc,5
1484,82,1,1,23,1,490000,2017,82000,1197 cc,5
1485,535,2,1,7,1,1044999,2016,78000,1582 cc,5
1486,594,2,2,1,2,5200000,2017,45000,2967 cc,7
1487,745,1,2,8,1,1125000,2019,50000,1591 cc,5
1488,736,2,2,2,2,1950000,2014,24000,1496 cc,5
1489,419,1,1,1,2,260000,2009,77000,1298 cc,5
1490,855,1,1,3,1,165000,2009,55000,1197 cc,5
1491,856,1,1,23,1,490000,2018,66000,1197 cc,5
1492,237,1,1,27,1,185000,2012,37000,998 cc,5
1493,459,1,1,5,1,375000,2012,80350,1497 cc,5
1494,86,2,2,21,1,975000,2013,102000,2143 cc,5
1495,288,1,1,44,2,450000,2016,48200,1197 cc,5
1496,2,2,1,44,2,459999,2015,55000,1248 cc,5
1497,710,7,2,8,1,5200000,2020,14000,2487 cc,5
1498,396,1,1,11,1,700000,2020,25000,1197 cc,5
1499,854,1,1,7,1,1025000,2020,20124,999 cc,5
1500,575,1,1,9,1,380000,2015,55660,1197 cc,5
1501,857,1,2,10,1,819999,2015,94580,1798 cc,5
1502,641,1,2,5,2,1691000,2015,45000,1991 cc,5
1503,556,2,2,8,1,5200000,2019,10000,1950 cc,5
1504,48,2,1,3,1,725000,2016,57000,1248 cc,5
1505,308,3,1,2,1,725000,2021,45000,1197 cc,5
1506,25,3,1,54,2,155000,2011,90342,796 cc,5
1507,858,1,1,8,1,700000,2022,1000,1199 cc,5
1508,122,2,1,54,1,235000,2011,135000,1582 cc,5
1509,161,2,1,7,2,1975000,2014,123000,2982 cc,7
1510,859,2,1,7,1,810000,2012,47531,2179 cc,7
1511,136,2,1,2,2,1350000,2019,79000,1493 cc,5
1512,494,2,1,33,1,450000,2011,95000,2179 cc,8
1513,3,1,1,10,1,250000,2011,53000,1197 cc,5
1514,426,2,1,23,1,819999,2020,30000,1396 cc,5
1515,528,2,2,15,1,2690000,2017,65000,2755 cc,7
1516,476,2,2,8,1,1240000,2018,440000,1582 cc,5
1517,624,1,1,16,1,790000,2016,63088,1497 cc,5
1518,860,1,1,5,2,150000,2008,62000,1086 cc,5
1519,530,2,1,5,3,400000,2011,80000,1991 cc,5
1520,281,2,2,8,1,8300000,2020,29000,2993 cc,5
1521,861,2,2,5,1,6000000,2020,2600,1969 cc,5
1522,862,2,1,3,1,390000,2014,81000,1120 cc,5
1523,140,1,1,8,1,385000,2011,73000,1591 cc,5
1524,388,2,2,8,1,3650000,2019,34000,3198 cc,7
1525,140,1,1,28,1,547000,2013,36623,1591 cc,5
1526,130,1,2,8,1,1295000,2018,30000,1591 cc,5
1527,328,1,1,10,1,570000,2022,5000,843cc,5
1528,34,1,2,5,2,844999,2014,80121,854cc,5
1529,305,1,1,3,1,250000,2011,64000,1197 cc,5
1530,42,1,2,23,2,1670000,2019,39000,1798 cc,5
1531,541,2,1,73,2,890000,2017,70000,1248 cc,5
1532,696,2,2,21,2,2380000,2019,36000,1968 cc,5
1533,18,1,2,35,1,775000,2018,40000,1197 cc,5
1534,863,1,1,7,5,7050000,2022,1102,854cc,5
1535,864,2,1,13,1,500000,2014,62000,1498 cc,5
1536,865,2,2,5,1,675000,2011,97000,2143 cc,5
1537,76,1,1,13,1,525000,2014,43550,1198 cc,5
1538,866,2,1,5,1,850000,2019,28000,1498 cc,5
1539,867,1,1,7,1,390000,2018,47874,999 cc,5
1540,744,2,1,8,1,965000,2018,87001,1582 cc,5
1541,591,2,2,7,1,975000,2013,72000,2696 cc,7
1542,83,2,2,5,1,3025000,2019,59000,1995 cc,5
1543,868,2,1,44,2,650000,2012,143477,2494 cc,7
1544,510,2,2,18,1,1390000,2014,85900,1968 cc,5
1545,869,1,2,5,1,950000,2022,10000,1197 cc,5
1546,594,2,2,8,1,5900000,2018,47000,2967 cc,7
1547,270,1,1,8,1,409999,2014,55000,1197 cc,5
1548,870,2,1,74,2,575000,2017,69508,1498 cc,5
1549,547,2,1,2,1,1450000,2022,2500,1498 cc,5
1550,871,1,1,8,1,185000,2010,64000,1586 cc,5
1551,872,1,2,25,2,1650000,2014,53089,1796 cc,5
1552,13,1,2,7,1,823000,2018,90000,1462 cc,5
1553,678,2,1,13,1,2095000,2021,23000,1956 cc,5
1554,873,1,1,13,1,350000,2012,55000,998 cc,5
1555,874,2,1,75,2,335000,2016,64000,1186 cc,5
1556,443,1,1,4,1,649000,2020,52236,1197 cc,5
1557,459,1,1,8,1,400000,2013,76000,1497 cc,5
1558,346,1,2,35,1,5500000,2020,19000,1998 cc,5
1559,405,2,1,21,1,1375000,2013,97000,2982 cc,7
1560,50,2,2,33,1,1190000,2018,76000,1582 cc,5
1561,875,2,1,8,1,1930000,2021,15000,1956 cc,5
1562,55,2,1,5,1,990000,2015,98000,2494 cc,7
1563,337,1,1,13,2,725000,2017,36597,1197 cc,5
1564,876,2,2,8,1,6100000,2022,500,1950 cc,5
1565,49,1,1,5,1,575000,2015,48000,1373 cc,5
1566,561,2,2,1,2,3200000,2016,55000,1999 cc,7
1567,668,2,2,2,1,2850000,2022,16000,2393 cc,7
1568,877,1,1,8,1,725000,2016,53000,1373 cc,7
1569,549,2,1,10,1,380000,2013,35000,1461 cc,5
1570,306,1,2,5,1,434999,2014,50000,1199 cc,5
1571,244,1,1,42,1,425000,2016,52600,1198 cc,5
1572,878,1,1,8,1,675000,2020,25000,1199 cc,5
1573,856,1,1,23,1,399000,2014,74000,1197 cc,5
1574,879,2,2,1,1,685000,2015,85000,1498 cc,5
1575,127,1,1,5,1,265000,2011,28000,934cc,5
1576,880,1,1,35,1,940000,2021,35000,1598 cc,5
1577,881,1,2,8,1,13100000,2021,17000,2999 cc,7
1578,882,2,2,15,1,2690000,2016,57000,1968 cc,5
1579,624,1,1,5,1,1255000,2021,10000,1497 cc,5
1580,883,2,2,8,1,825000,2009,63300,2967 cc,5
1581,126,1,1,1,1,390000,2014,46000,1197 cc,5
1582,884,2,1,23,2,525000,2014,64000,1582 cc,5
1583,885,1,2,15,1,3450000,2022,4600,1984 cc,5
1584,886,2,2,5,1,2825000,2018,23000,2143 cc,5
1585,228,2,1,41,1,1090000,2017,144933,2179 cc,7
1586,105,1,1,24,1,275000,2009,80000,1497 cc,5
1587,887,1,1,27,1,434999,2015,32545,1197 cc,5
1588,571,2,2,8,1,2089999,2019,31000,1995 cc,5
1589,2,2,1,44,2,500000,2015,50000,1248 cc,5
1590,2,2,1,8,2,400000,2015,65000,1248 cc,5
1591,888,1,1,44,1,225000,2012,26000,1086 cc,5
1592,488,2,1,8,1,965000,2021,27000,1497 cc,5
1593,509,2,1,44,1,825000,2017,62000,1396 cc,5
1594,889,1,1,24,1,254999,2012,17000,1086 cc,5
1595,890,2,1,11,2,525000,2015,39234,2523 cc,7
1596,282,2,1,31,1,285000,2013,72000,1498 cc,5
1597,891,2,1,13,1,229999,2011,41215,936 cc,5
1598,892,1,2,5,1,4400000,2020,16519,1969 cc,5
1599,237,1,1,5,2,200000,2011,51000,998 cc,5
1600,893,2,2,5,1,1011000,2019,74179,1248 cc,5
1601,556,2,2,5,1,6500000,2020,13000,1950 cc,5
1602,407,2,1,13,1,1063000,2019,31056,1598 cc,5
1603,894,1,2,5,2,675000,2016,49148,1373 cc,7
1604,382,2,2,8,1,7475000,2021,13000,1950 cc,5
1605,372,2,2,5,1,7000000,2021,19000,1950 cc,5
1606,677,2,2,48,1,2175000,2015,152000,1968 cc,5
1607,543,1,2,31,1,690000,2015,59000,1497 cc,5
1608,72,2,2,8,1,1525000,2016,32000,1968 cc,5
1609,895,1,2,8,1,475000,2011,72000,2354 cc,5
1610,480,2,2,7,1,1123000,2017,80000,1582 cc,5
1611,896,1,2,8,1,990000,2019,21894,1462 cc,7
1612,176,2,2,35,1,5250000,2018,21000,2993 cc,5
1613,717,2,1,5,1,515000,2015,63587,1498 cc,5
1614,897,1,2,1,1,850000,2019,32000,1462 cc,5
1615,251,2,1,1,2,865000,2018,53694,1248 cc,5
1616,898,2,1,6,2,365000,2009,140000,1248 cc,5
1617,415,2,2,8,1,3390000,2015,91100,2987 cc,7
1618,542,2,2,8,2,1450000,2014,58000,1968 cc,5
1619,899,2,1,13,1,434999,2012,76148,1396 cc,5
1620,612,2,1,76,1,650000,2015,104000,2523 cc,8
1621,43,2,2,1,1,1175000,2013,50000,1968 cc,5
1622,813,1,1,44,1,325000,2017,56000,814 cc,5
1623,601,2,1,11,1,525000,2014,48000,1461 cc,5
1624,900,1,1,7,1,1225000,2021,23000,1462 cc,7
1625,585,2,2,8,5,4200000,2021,5600,1950 cc,5
1626,29,1,1,5,1,550000,2015,33000,1197 cc,5
1627,499,2,1,18,1,1275000,2019,58900,1582 cc,5
1628,699,2,1,24,1,1585000,2019,65000,1423cc,5
1629,868,2,1,13,1,960000,2012,222000,2494 cc,7
1630,561,2,2,13,1,3900000,2016,20000,1999 cc,7
1631,582,1,1,52,1,434999,2019,32000,799 cc,5
1632,901,2,1,3,1,650000,2017,62000,2523 cc,7
1633,902,1,1,8,1,775000,2017,71000,1373 cc,7
1634,903,1,2,1,3,185000,2008,61000,1197 cc,5
1635,127,1,1,77,1,204999,2011,42152,1234cc,5
1636,148,1,1,7,1,560000,2017,29000,1197 cc,5
1637,904,2,1,23,2,1000000,2014,158690,2494 cc,7
1638,726,2,2,5,1,5000000,2016,61000,2987 cc,5
1639,905,2,1,24,2,635000,2016,92000,1248 cc,5
1640,88,1,1,3,1,650000,2020,42000,1197 cc,5
1641,529,1,1,32,1,345000,2019,60969,1198 cc,5
1642,555,2,1,23,1,865000,2017,93000,2179 cc,7
1643,760,2,2,7,1,1380000,2014,100000,1968 cc,5
1644,906,1,1,27,1,585000,2018,31000,1373 cc,5
1645,4,1,1,3,1,690000,2020,55000,1197 cc,5
1646,256,3,1,31,1,380000,2018,68320,998 cc,5
1647,907,2,1,11,1,850000,2018,65000,2179 cc,7
1648,161,2,1,35,2,1750000,2013,95000,2982 cc,7
1649,195,2,1,54,2,275000,2013,85785,1248 cc,5
1650,908,1,1,44,1,690000,2018,38000,1598 cc,5
1651,909,1,1,7,1,1130000,2020,12905,998 cc,5
1652,502,2,2,5,1,2295000,2019,26000,2755 cc,7
1653,910,1,2,35,1,4100000,2021,9000,1332 cc,5
1654,911,2,1,34,2,725000,2018,65000,1497 cc,5
1655,589,1,1,8,1,595000,2019,48000,1197 cc,5
1656,3,1,1,23,1,290000,2011,91000,1197 cc,5
1657,912,1,1,49,2,350000,2011,84873,1234cc,5
1658,913,1,2,5,1,6100000,2022,15000,1995 cc,5
1659,488,2,1,3,1,1080000,2020,52000,1497 cc,5
1660,583,2,1,75,3,299000,2013,90000,1364 cc,5
1661,286,8,1,8,1,575000,2018,58000,1197 cc,5
1662,914,1,2,8,1,390000,2014,67000,1198 cc,5
1663,316,2,1,42,1,875000,2015,67000,2179 cc,8
1664,474,2,1,41,1,1175000,2021,37556,1396 cc,5
1665,237,1,1,7,1,260000,2012,54000,998 cc,5
1666,915,1,1,8,1,650000,2019,42000,1198 cc,5
1667,916,1,1,1,1,625000,2017,55000,1198 cc,5
1668,53,2,1,7,1,1725000,2019,23952,1956 cc,5
1669,256,3,1,5,2,299000,2015,92000,998 cc,5
1670,239,1,2,5,1,375000,2013,34000,1197 cc,5
1671,917,1,2,47,1,639000,2020,44300,998 cc,5
1672,773,2,1,23,1,591000,2015,65000,1248 cc,5
1673,142,2,2,11,1,4200000,2018,102000,2143 cc,5
1674,178,1,2,8,1,250000,2009,110000,1497 cc,5
1675,438,1,1,1,1,1399000,2021,11000,1497 cc,5
1676,918,3,1,5,1,740000,2020,39000,1197 cc,5
1677,791,1,1,38,2,175000,2009,65000,1086 cc,5
1678,781,2,2,8,1,3750000,2019,42500,1995 cc,5
1679,176,2,2,8,2,1600000,2013,80000,2993 cc,5
1680,873,1,1,23,1,285000,2013,25200,998 cc,5
1681,322,2,1,27,1,250000,2017,132683,1498 cc,5
1682,919,2,1,24,1,625000,2017,81000,1461 cc,5
1683,127,1,1,8,2,190000,2011,58888,1234cc,5
1684,252,2,2,8,1,4800000,2019,30000,1995 cc,5
1685,385,1,1,35,2,575000,2015,50599,1197 cc,5
1686,83,2,2,7,2,2800000,2017,29000,1995 cc,5
1687,920,1,2,35,1,785000,2018,23000,1199 cc,5
1688,799,2,2,50,1,4575000,2019,50000,2179 cc,7
1689,247,2,2,41,2,1950000,2016,84878,1968 cc,5
1690,252,2,2,8,1,4800000,2019,31000,1995 cc,5
1691,333,2,1,25,1,1998999,2019,71063,2393 cc,8
1692,921,1,1,8,1,475000,2016,69001,1499 cc,5
1693,122,2,1,8,2,415000,2014,62000,1582 cc,5
1694,922,2,1,33,1,375000,2012,82000,1336 cc,5
1695,404,1,1,5,1,300000,2011,49200,1496 cc,5
1696,104,1,1,18,2,1500000,2021,8000,1997 cc,4
1697,566,2,1,5,1,975000,2019,58000,1248 cc,5
1698,727,1,1,24,1,370000,2015,64000,998 cc,5
1699,888,1,1,5,1,250000,2012,48568,1086 cc,5
1700,743,2,2,8,1,3150000,2014,66500,2993 cc,5
1701,923,2,1,27,1,1115000,2018,58590,2179 cc,7
1702,924,1,1,10,2,130000,2009,59000,1086 cc,5
1703,270,1,1,27,1,299000,2013,47000,1197 cc,5
1704,133,1,1,27,1,300000,2014,40000,1197 cc,5
1705,925,1,2,5,1,3325000,2021,13092,1984 cc,5
1706,926,2,2,2,1,1950000,2016,57057,1968 cc,5
1707,2,2,1,2,1,500000,2015,90000,1248 cc,5
1708,562,1,1,30,1,595000,2015,45000,1197 cc,5
1709,324,1,2,8,1,484999,2018,44000,998 cc,5
1710,927,2,1,50,1,1700000,2021,17000,2184 cc,4
1711,665,1,1,7,1,579000,2019,50860,1197 cc,5
1712,621,2,2,50,1,3800000,2020,20000,1996 cc,7
1713,67,2,2,5,1,3290000,2018,51000,2755 cc,7
1714,395,2,2,13,1,4250000,2018,24000,1950 cc,5
1715,46,1,1,5,1,535000,2017,34908,1197 cc,5
1716,928,2,2,5,1,775000,2017,67000,1461 cc,5
1717,47,1,2,5,2,345000,2014,19000,998 cc,5
1718,929,1,2,13,1,3400000,2019,30600,1984 cc,5
1719,252,2,2,13,1,4500000,2018,49500,1995 cc,5
1720,449,1,1,5,1,525000,2016,18800,1199 cc,5
1721,930,1,1,13,1,650000,2016,100000,1197 cc,5
1722,235,1,2,8,1,1074000,2017,50050,1591 cc,5
1723,535,2,1,35,1,1750000,2021,14000,1582 cc,5
1724,230,2,1,3,2,590000,2014,55000,1461 cc,5
1725,682,1,2,35,1,7990000,2018,23000,4951 cc,4
1726,770,2,1,44,1,1725000,2020,35000,1493 cc,5
1727,16,1,2,36,1,630000,2019,20734,998 cc,5
1728,931,2,2,8,1,6975000,2020,15200,1950 cc,5
1729,405,2,1,21,1,1375000,2013,83000,2982 cc,7
1730,253,2,1,34,1,425000,2014,75000,1498 cc,5
1731,932,2,2,7,1,2196000,2019,42794,2755 cc,8
1732,933,2,2,8,1,6300000,2020,40000,1950 cc,6
1733,248,1,1,52,1,200000,2008,41000,796 cc,5
1734,105,1,1,25,1,250000,2009,72256,1497 cc,5
1735,696,2,2,7,1,2950000,2018,17300,1968 cc,5
1736,934,2,1,8,1,985000,2017,68000,2179 cc,8
1737,935,1,2,68,1,750000,2019,43600,998 cc,5
1738,936,1,1,68,1,450000,2018,43000,998 cc,5
1739,937,1,1,5,1,849000,2021,17283,1462 cc,5
1740,116,1,1,67,1,430000,2014,59000,1197 cc,5
1741,500,2,1,24,1,740000,2017,88000,1248 cc,7
1742,7,1,2,1,1,1975000,2015,19000,1991 cc,5
1743,938,1,2,33,1,12500000,2021,9500,2998 cc,6
1744,130,1,2,5,1,1260000,2018,36000,1591 cc,5
1745,582,1,1,27,1,250000,2017,32000,799 cc,5
1746,939,1,2,30,1,975000,2018,53300,1591 cc,5
1747,596,1,2,8,5,4151000,2022,1,1984 cc,5
1748,940,2,2,7,2,3250000,2020,32005,1995 cc,5
1749,388,2,2,2,1,3450000,2018,35000,3198 cc,7
1750,941,1,2,23,1,6680000,2022,18223,1998 cc,5
1751,423,2,1,10,2,600000,2016,92000,1493 cc,7
1752,942,1,2,5,2,1465000,2019,22000,1999 cc,5
1753,140,1,1,8,1,475000,2014,62000,1591 cc,5
1754,943,1,2,13,2,1000000,2022,4000,999 cc,5
1755,502,2,2,2,1,1850000,2016,72000,2755 cc,7
1756,615,1,1,5,1,570000,2015,60798,1373 cc,5
1757,944,1,2,1,1,770000,2016,20000,1591 cc,5
1758,73,1,2,8,1,1040000,2019,18000,1497 cc,5
1759,58,2,1,2,2,675000,2014,78000,2179 cc,8
1760,116,1,1,8,1,450000,2014,52000,1197 cc,5
1761,385,1,1,21,1,800000,2022,10000,1197 cc,5
1762,945,2,1,11,1,2200000,2021,32000,2179 cc,7
1763,228,2,1,7,1,1075000,2015,138000,2179 cc,7
1764,946,2,1,54,3,560000,2018,84500,1248 cc,5
1765,117,1,1,44,2,450000,2016,47000,1197 cc,5
1766,947,2,2,8,1,4175000,2018,20000,1969 cc,5
1767,948,1,2,23,5,5200000,2022,0,1998 cc,4
1768,132,2,1,1,1,810000,2018,73000,1582 cc,5
1769,949,1,2,5,1,1875000,2011,72000,4663 cc,4
1770,950,1,2,8,1,520000,2015,42000,1198 cc,5
1771,368,2,2,8,1,8900000,2021,9000,1950 cc,5
1772,584,2,2,8,1,5590000,2015,33000,1234cc,5
1773,272,2,1,42,3,425000,2015,36528,1248 cc,5
1774,270,1,1,11,1,325000,2012,30000,1197 cc,5
1775,145,1,2,8,1,1889999,2021,17000,1451 cc,5
1776,951,2,2,23,1,1950000,2016,79000,2400 cc,5
1777,625,2,2,5,1,5300000,2019,15087,1995 cc,5
1778,612,2,1,11,1,950000,2018,41000,2523 cc,8
1779,952,2,2,23,1,8500000,2021,32500,1969 cc,7
1780,134,2,2,8,2,1975000,2015,61000,1968 cc,5
1781,142,2,2,2,1,4200000,2017,85000,2143 cc,5
1782,395,2,2,1,2,3500000,2019,55000,1950 cc,5
1783,953,1,1,58,5,375000,2017,45000,999 cc,5
1784,394,2,2,3,1,1825000,2016,58000,2143 cc,5
1785,79,1,2,5,1,1710000,2021,4400,1997 cc,4
1786,47,1,2,8,1,375000,2014,35000,998 cc,5
1787,214,1,1,11,1,285000,2016,22346,796 cc,5
1788,954,1,1,39,2,1850000,2021,23280,1997 cc,6
1789,955,2,1,5,1,621000,2013,72000,1248 cc,7
1790,956,2,2,5,1,1475000,2016,82000,2477 cc,7
1791,107,2,2,2,2,1800000,2015,86000,2982 cc,7
1792,126,1,1,27,1,399000,2018,38000,1197 cc,5
1793,788,2,1,13,1,890000,2015,138314,1582 cc,5
1794,745,1,2,5,1,1325000,2021,9900,1591 cc,5
1795,538,2,2,13,5,5300000,2022,12500,2148 cc,5
1796,138,2,2,7,1,4775000,2018,51529,1950 cc,5
1797,957,2,1,27,1,249000,2013,60000,1493 cc,7
1798,958,1,1,13,1,509999,2019,48000,998 cc,5
1799,959,2,1,67,1,1450000,2018,90000,1956 cc,5
1800,782,2,1,8,1,640000,2017,63000,1598 cc,5
1801,960,2,1,3,1,299000,2017,65822,793 cc,5
1802,961,4,1,41,1,195000,2009,102000,1061 cc,5
1803,962,2,2,5,2,1495000,2011,72100,2987 cc,5
1804,963,1,2,5,5,14900000,2021,7534,2995 cc,5
1805,964,1,1,1,1,350000,2013,34000,1197 cc,5
1806,5,2,1,42,2,1421000,2017,75000,2393 cc,7
1807,262,1,2,22,1,595000,2017,99000,1199 cc,5
1808,2,2,1,11,1,351000,2013,42000,1248 cc,5
1809,871,1,1,1,1,325000,2012,118000,1586 cc,5
1810,859,2,1,5,1,975000,2017,78000,2179 cc,7
1811,965,1,1,8,1,825000,2019,44000,1462 cc,5
1812,966,2,1,49,2,1050000,2017,88757,2179 cc,6
1813,639,2,2,35,2,1970000,2017,85000,1968 cc,5
1814,729,2,2,13,1,4100000,2020,12136,1995 cc,5
1815,967,1,1,5,1,385000,2019,2200,1987cc,5
1816,968,2,2,24,1,1525000,2015,49000,1968 cc,5
1817,910,1,2,8,1,4150000,2021,6000,1332 cc,5
1818,292,2,1,27,1,725000,2017,64000,1248 cc,5
1819,99,1,1,5,2,340000,2011,109000,1794 cc,5
1820,46,1,1,8,1,650000,2018,32000,1197 cc,5
1821,286,1,1,8,1,570000,2019,13000,1197 cc,5
1822,969,2,1,42,4,160000,2008,90000,2494 cc,8
1823,166,2,1,11,1,1220000,2020,35000,2179 cc,7
1824,970,2,1,69,1,800000,2017,112000,1997 cc,7
1825,691,1,2,1,1,660000,2017,40000,1197 cc,5
1826,30,1,1,27,1,575000,2017,53580,1199 cc,5
1827,971,2,1,27,2,240000,2013,51500,1493 cc,7
1828,651,1,1,22,1,950000,2019,22000,1497 cc,5
1829,582,1,1,52,1,419000,2017,23700,799 cc,5
1830,700,1,2,13,1,750000,2017,48069,1197 cc,5
1831,972,2,2,33,1,3400000,2019,48000,1968 cc,5
1832,973,2,2,5,1,1160000,2015,47981,1968 cc,5
1833,974,2,1,28,1,1750000,2021,26000,1493 cc,7
1834,841,2,2,23,1,1575000,2020,63000,1493 cc,5
1835,67,2,2,8,2,2811000,2019,71500,2755 cc,7
1836,575,1,1,5,1,475000,2016,16630,1197 cc,5
1837,134,2,2,1,1,4351000,2018,36000,1968 cc,5
1838,975,1,1,23,1,850000,2017,47255,1497 cc,5
1839,976,2,1,28,1,1095000,2018,50000,2179 cc,7
1840,977,2,2,35,1,7700000,2021,18703,2993 cc,5
1841,617,1,2,48,5,5800000,2021,7935,1984 cc,5
1842,978,1,2,5,1,1925000,2022,9355,1497 cc,5
1843,979,1,1,38,1,305000,2018,34800,799 cc,5
1844,230,2,1,44,2,385000,2013,72000,1461 cc,5
1845,980,2,1,13,1,500000,2012,86288,1598 cc,5
1846,449,1,1,7,1,655000,2017,24003,1199 cc,5
1847,981,2,1,7,1,925000,2017,28000,1497 cc,5
1848,982,2,1,23,1,690000,2017,65000,1396 cc,5
1849,757,2,1,71,1,1500000,2019,75000,2179 cc,7
1850,955,2,1,15,2,625000,2015,45000,1248 cc,7
1851,744,2,1,15,2,844999,2018,71000,1582 cc,5
1852,983,1,2,27,1,745000,2018,54000,1497 cc,7
1853,984,2,2,5,1,650000,2015,49776,1493 cc,7
1854,566,2,1,10,1,640000,2017,61000,1248 cc,5
1855,532,2,2,5,2,2050000,2017,68000,1984 cc,5
1856,47,1,2,1,1,395000,2014,47884,998 cc,5
1857,9,1,2,25,1,1390000,2017,56000,1798 cc,5
1858,459,1,1,13,1,365000,2010,58424,1497 cc,5
1859,985,2,1,23,1,451000,2017,55000,1120 cc,5
1860,986,9,1,6,2,130000,1996,100000,1977cc,7
1861,502,2,2,5,1,2150000,2017,45000,2755 cc,7
1862,987,2,1,10,1,195000,2011,75000,1248 cc,5
1863,988,1,1,6,1,880000,2018,47000,1598 cc,5
1864,745,1,2,7,1,1180000,2019,38000,1591 cc,5
1865,110,1,1,3,1,285000,2016,17000,796 cc,5
1866,204,2,2,27,1,7998999,2020,20000,2993 cc,7
1867,656,2,1,50,1,925000,2018,925000,1582 cc,5
1868,989,2,1,65,1,675000,2019,35000,1498 cc,5
1869,736,2,2,7,2,2500000,2015,34303,1496 cc,5
1870,134,2,2,26,1,3675000,2019,34000,1968 cc,5
1871,990,2,2,13,1,2400000,2022,8000,1493 cc,7
1872,991,2,1,16,1,1300000,2020,27000,1493 cc,5
1873,446,1,2,13,1,825000,2021,6600,1197 cc,5
1874,992,2,1,5,3,899000,2015,125000,2494 cc,8
1875,993,1,1,74,1,409999,2021,13424,796 cc,5
1876,340,3,1,5,1,289000,2015,78000,796 cc,5
1877,994,1,1,13,1,280000,2011,69276,998 cc,5
1878,995,2,1,27,1,811999,2017,31000,1582 cc,5
1879,996,2,2,7,2,5400000,2017,33000,2993 cc,4
1880,873,1,1,18,1,220000,2012,54000,998 cc,5
1881,997,2,1,7,1,625000,2014,54000,1498 cc,5
1882,541,2,1,54,1,725000,2017,75000,1248 cc,5
1883,998,2,2,7,1,4195000,2017,63651,1995 cc,5
1884,999,2,2,7,3,1450000,2014,71796,1968 cc,5
1885,1000,2,1,15,2,425000,2014,74000,1461 cc,5
1886,723,1,1,13,1,250000,2013,82461,814 cc,5
1887,289,2,1,1,1,800000,2018,66000,1248 cc,5
1888,316,2,1,42,1,875000,2015,87000,2179 cc,8
1889,394,2,2,7,2,2275000,2016,61109,2143 cc,5
1890,1001,1,1,22,1,525000,2019,32000,1199 cc,5
1891,1002,1,2,8,1,20000000,2021,6600,2996 cc,5
1892,104,1,1,8,1,1520000,2021,14000,1997 cc,4
1893,791,1,1,3,2,170000,2009,135797,1086 cc,5
1894,435,2,2,1,1,3300000,2019,42475,3198 cc,7
1895,1003,1,2,7,1,575000,2018,27239,998 cc,5
1896,1004,1,1,3,1,190000,2013,66000,995 cc,5
1897,1005,1,1,13,1,755000,2022,2272,1197 cc,5
1898,1006,1,2,5,1,1130000,2015,50000,1997 cc,5
1899,967,1,1,27,1,316000,2019,17491,567cc,5
1900,1007,1,1,25,1,610000,2017,38674,1197 cc,5
1901,999,2,2,8,1,1875000,2016,40000,1968 cc,5
1902,340,3,1,24,1,480000,2021,14000,796 cc,5
1903,867,1,1,5,1,365000,2019,32000,999 cc,5
1904,133,1,1,5,3,250000,2012,72000,666cc,5
1905,162,2,1,16,1,745000,2017,82000,1498 cc,5
1906,1008,1,2,8,2,1150000,2013,52000,1595 cc,5
1907,1009,5,2,8,1,2100000,2020,38500,654cc,5
1908,1010,2,1,8,3,200000,2014,56000,1120 cc,5
1909,543,1,2,5,1,775000,2016,42000,1497 cc,5
1910,51,1,1,5,1,860000,2016,57983,1591 cc,5
1911,681,1,2,3,1,2089999,2018,15600,1395 cc,5
1912,656,2,1,11,1,1100000,2019,26000,1582 cc,5
1913,263,2,2,1,5,18500000,2021,5000,2925 cc,5
1914,2,2,1,33,2,260000,2011,90000,1248 cc,5
1915,106,2,2,33,2,2690000,2016,43323,2143 cc,5
1916,1011,2,2,10,1,1400000,2020,94182,1968 cc,5
1917,1012,1,1,2,1,515000,2022,3395,1086 cc,5
1918,111,2,1,11,1,600000,2014,53213,1248 cc,7
1919,388,2,2,23,1,2000000,2017,93000,3198 cc,7
1920,245,2,2,44,1,2850000,2018,45000,1999 cc,5
1921,528,2,2,33,1,3200000,2017,110000,2755 cc,7
1922,1013,1,1,8,1,1075000,2016,70000,1798 cc,5
1923,1014,1,1,27,1,575000,2020,40000,1199 cc,5
1924,1015,2,2,7,1,3950000,2018,52000,1969 cc,5
1925,965,1,1,5,1,750000,2019,6200,1462 cc,5
1926,1016,2,1,30,1,755000,2017,75650,1498 cc,5
1927,241,1,1,76,3,190000,2010,60000,1197 cc,5
1928,2,2,1,3,1,425000,2014,89000,1248 cc,5
1929,1017,1,2,5,2,3600000,2014,43000,650cc,5
1930,340,3,1,23,1,390000,2019,56000,796 cc,5
1931,656,2,1,7,2,855000,2017,57000,1582 cc,5
1932,398,1,1,61,1,225000,2012,56000,814 cc,5
1933,134,2,2,5,1,2425000,2016,60000,1968 cc,5
1934,197,2,1,67,1,1270000,2019,61805,2179 cc,7
1935,256,3,1,8,2,325000,2014,58000,998 cc,5
1936,655,1,1,8,1,750000,2019,33000,1198 cc,5
1937,1018,1,2,3,2,185000,2008,70000,1497 cc,5
1938,16,1,2,5,1,450000,2014,48000,998 cc,5
1939,53,2,1,24,1,1710000,2020,12400,1956 cc,5
1940,514,2,1,3,1,665000,2017,92000,1493 cc,7
1941,560,2,1,23,1,871000,2015,64000,1582 cc,5
1942,256,3,1,8,1,625000,2021,18000,998 cc,5
1943,1019,2,1,7,1,495000,2016,53376,1198 cc,6
1944,370,2,1,10,1,600000,2016,70000,1498 cc,5
1945,1020,2,1,73,2,875000,2019,70000,1493 cc,7
1946,122,2,1,11,1,595000,2014,65123,1582 cc,5
1947,409,1,1,1,1,425000,2014,58600,1198 cc,5
1948,647,1,1,13,1,1050000,2021,7500,998 cc,5
1949,499,2,1,5,1,1299000,2019,39000,1582 cc,5
1950,791,1,1,5,1,175000,2009,23000,1086 cc,5
1951,464,1,1,5,1,994999,2019,27900,1462 cc,6
1952,483,3,1,8,1,1025000,2019,42000,1373 cc,7
1953,204,2,2,50,2,4175000,2016,27011,2993 cc,7
1954,12,1,1,6,1,265000,2016,122000,999 cc,5
1955,82,1,1,25,1,475000,2015,48000,1197 cc,5
1956,100,1,1,5,1,660000,2018,9000,1197 cc,5
1957,52,1,2,6,1,490000,2019,32000,999 cc,5
1958,1021,1,2,5,1,1950000,2018,54000,2694 cc,7
1959,1022,1,1,34,1,315000,2012,57000,1498 cc,5
1960,142,2,2,2,1,4190000,2017,90000,2143 cc,5
1961,59,1,1,5,1,341000,2016,49000,1198 cc,5
1962,292,2,1,36,2,950000,2018,71000,1248 cc,5
1963,270,1,1,5,2,409999,2014,20000,1197 cc,5
1964,873,1,1,5,1,290000,2012,12300,998 cc,5
1965,1023,2,1,3,1,1050000,2021,5000,1248 cc,5
1966,270,1,1,5,1,365000,2013,68000,1197 cc,5
1967,350,2,2,8,1,3100000,2019,17000,2143 cc,5
1968,231,2,2,8,1,1875000,2022,15000,2184 cc,4
1969,1024,1,2,7,2,5100000,2019,24444,1999 cc,7
1970,1025,2,1,5,1,595000,2015,43000,1498 cc,5
1971,320,2,2,22,1,5200000,2020,18000,1950 cc,5
1972,558,2,2,2,1,6000000,2014,82000,2993 cc,5
1973,142,2,2,44,1,5775000,2019,57000,2143 cc,5
1974,490,1,2,7,1,4975000,2021,2610,1991 cc,5
1975,773,2,1,21,2,650000,2017,92000,1248 cc,5
1976,636,1,2,5,1,521000,2017,40879,1197 cc,5
1977,355,2,1,15,1,570000,2016,80000,1498 cc,5
1978,372,2,2,13,5,8100000,2022,5500,1950 cc,5
1979,987,2,1,44,2,160000,2011,89000,1248 cc,5
1980,177,2,2,13,1,5500000,2017,68690,2993 cc,5
1981,328,1,1,58,5,420000,2018,50000,765cc,5
1982,12,1,1,27,1,299000,2018,19000,999 cc,5
1983,336,2,1,41,1,350000,2012,130000,1598 cc,5
1984,2,2,1,11,1,575000,2017,35000,1248 cc,5
1985,1026,1,2,5,2,335000,2013,64418,1198 cc,5
1986,546,1,1,13,1,480000,2019,10265,1197 cc,5
1987,1027,3,1,1,1,675000,2021,15000,998 cc,5
1988,1028,2,1,16,1,350000,2012,85000,1498 cc,5
1989,1029,2,2,5,2,2500000,2018,90000,2143 cc,5
1990,352,3,1,3,1,260000,2013,89000,998 cc,5
1991,90,3,1,18,1,400000,2017,43000,998 cc,5
1992,528,2,2,16,2,2750000,2017,219000,2755 cc,7
1993,1030,1,1,5,1,555000,2010,261236,1998 cc,8
1994,292,2,1,8,1,790000,2017,50000,1248 cc,5
1995,1031,1,1,32,3,180000,2014,48000,796 cc,5
1996,351,2,1,16,1,551000,2019,39000,1120 cc,5
1997,251,2,1,16,1,860000,2018,33030,1248 cc,5
1998,1032,1,1,5,2,375000,2013,86000,1497 cc,5
1999,1033,1,2,22,1,725000,2017,55000,1373 cc,5
2000,546,1,1,27,1,400000,2017,35000,1197 cc,5
2001,1034,1,2,27,1,2275000,2022,2000,1368 cc,5
2002,604,2,1,2,1,1250000,2018,90000,1956 cc,5
2003,105,1,1,7,2,499000,2012,96506,1497 cc,5
2004,427,1,2,31,1,399000,2014,88000,1598 cc,5
2005,1035,2,2,21,2,335000,2008,140987,2987 cc,5
2006,116,1,1,76,1,450000,2015,52000,1197 cc,5
2007,47,1,2,5,1,409999,2015,54443,998 cc,5
2008,320,2,2,5,1,6100000,2020,9500,1950 cc,5
2009,204,2,2,8,2,4690000,2018,75000,2993 cc,7
2010,451,2,2,24,2,775000,2012,89000,1347cc,5
2011,448,1,2,1,1,3000000,2017,42000,1395 cc,5
2012,815,1,1,27,2,250000,2018,25000,999 cc,5
2013,56,2,2,23,1,6200000,2021,39000,1995 cc,5
2014,272,2,1,6,1,590000,2014,86000,1248 cc,5
2015,358,2,2,8,2,1300000,2013,50300,1995 cc,5
2016,1036,2,2,5,1,1639999,2018,43000,2179 cc,7
2017,215,2,1,13,1,740000,2013,83555,2179 cc,7
2018,1020,2,1,42,1,770000,2019,27500,1493 cc,7
2019,1025,2,1,5,1,530000,2013,75000,1498 cc,5
2020,177,2,2,24,1,2975000,2015,87000,2993 cc,5
2021,1037,2,2,48,1,1989999,2022,5800,1493 cc,5
2022,447,2,1,7,1,3250000,2018,173000,2755 cc,7
2023,279,1,2,7,1,1975000,2021,7000,1353 cc,5
2024,1038,2,1,10,1,735000,2015,121000,2179 cc,7
2025,278,2,1,54,1,425000,2013,96000,2179 cc,7
2026,1039,1,2,8,1,195000,2008,57885,894cc,5
2027,964,1,1,5,1,315000,2011,38091,1197 cc,5
2028,723,1,1,1,1,275000,2013,34000,814 cc,5
2029,315,2,1,31,1,750000,2018,75000,1498 cc,5
2030,1040,2,1,2,1,465000,2014,82000,1364 cc,5
2031,429,1,1,7,1,1325000,2021,20000,998 cc,5
2032,2,2,1,38,2,175000,2008,65000,1248 cc,5
2033,1041,1,2,5,1,8900000,2020,88000,1997 cc,5
2034,1042,1,2,5,2,950000,2011,65000,1991 cc,5
2035,2,2,1,68,1,275000,2011,65000,1248 cc,5
2036,873,1,1,1,2,265000,2011,41000,998 cc,5
2037,205,2,1,67,3,1000000,2010,127000,2982 cc,7
2038,149,1,1,7,2,730000,2016,51834,1497 cc,5
2039,614,1,2,8,1,1495000,2018,28000,1368 cc,5
2040,1043,1,2,5,2,1150000,2014,39000,1595 cc,5
2041,803,1,2,5,1,590000,2015,116592,1497 cc,5
2042,520,2,2,13,1,2450000,2014,80000,2143 cc,5
2043,1044,1,1,44,1,299000,2014,32000,1199 cc,5
2044,520,2,2,1,1,2850000,2016,21200,2143 cc,5
2045,1045,1,2,8,1,2765000,2022,75,1997 cc,7
2046,256,3,1,1,2,365000,2014,75693,998 cc,5
2047,541,2,1,13,1,850000,2018,85000,1248 cc,5
2048,149,1,1,27,1,480000,2015,49000,1497 cc,5
2049,1046,2,1,10,2,345000,2016,71000,1120 cc,5
2050,1047,1,2,8,1,5950000,2017,80000,2996 cc,5
2051,51,1,1,8,1,891000,2016,47000,1591 cc,5
2052,937,1,1,7,1,925000,2021,48000,1462 cc,5
2053,572,2,1,18,1,409999,2014,68000,1396 cc,5
2054,1048,1,1,31,2,245000,2014,79000,1197 cc,5
2055,1049,2,1,48,1,850000,2016,90300,2179 cc,7
2056,832,1,1,23,2,275000,2014,83000,814 cc,5
2057,1050,1,1,30,1,240000,2013,73000,1196 cc,5
2058,252,2,2,6,1,4290000,2018,60474,1995 cc,5
2059,514,2,1,67,1,670000,2017,72000,1493 cc,7
